filename,action_size,activation,epsilon_decay,layers.0,layers.1,layers.2,layers.3,learning_rate,memory_size,mini_batch_size,momentum,output_activation,reg_const,state_size.0,testing_bot,Play_against_self,score_0,score_1,score_2,score_3,score_4,score_5,score_6,score_7,score_8,score_9,score_10,score_11,score_12,score_13,score_14,score_15,score_16,score_17,score_18,score_19,mean,layers.4,conv_layers.0,conv_layers.1,score_20,score_21,score_22,score_23,score_24,score_25,score_26,score_27,score_28,score_29,score_30,score_31,score_32,score_33,score_34,score_35,score_36,score_37,score_38,score_39,score_40,score_41,score_42,score_43,score_44,score_45,score_46,score_47,score_48,score_49,score_50,score_51,score_52,score_53,score_54,score_55,score_56,score_57,score_58,score_59,score_60,score_61,score_62,score_63,score_64,score_65,score_66,score_67,score_68,score_69,score_70,score_71,score_72,score_73,score_74,score_75,score_76,score_77,score_78,score_79,score_80,score_81,score_82,score_83,score_84,score_85,score_86,score_87,score_88,score_89,score_90,score_91,score_92,score_93,score_94,score_95,score_96,score_97,score_98,score_99,score_100,score_101,score_102,score_103,score_104,score_105,score_106,score_107,score_108,score_109,score_110,score_111,score_112,score_113,score_114,score_115,score_116,score_117,score_118,score_119,score_120,score_121,score_122,score_123,score_124,score_125,score_126,score_127,score_128,score_129,score_130,score_131,score_132,score_133,score_134,score_135,score_136,score_137,score_138,score_139,score_140,score_141,score_142,score_143,score_144,score_145,score_146,score_147,score_148,score_149,score_150,score_151,score_152,score_153,score_154,score_155,score_156,score_157,score_158,score_159,score_160,score_161,score_162,score_163,score_164,score_165,score_166,score_167,score_168,score_169,score_170,score_171,score_172,score_173,score_174,score_175,score_176,score_177,score_178,score_179,score_180,score_181,score_182,score_183,score_184,score_185,score_186,score_187,score_188,score_189,score_190,score_191,score_192,score_193,score_194,score_195,score_196,score_197,score_198,score_199
20211110211003,10,relu,0.99,128,64,32,16.0,0.001,10000,1000,0.99,tanh,0.0,6,sfpar,True,-45.4,-44.800000000000004,-44.699999999999996,-42.7,-39.7,-40.5,-41.1,-42.0,-40.199999999999996,-44.2,-40.4,-38.6,-42.1,-41.5,-39.5,-40.9,-38.2,-40.8,-40.199999999999996,-35.7,-41.160000000000004,,,,,,,,,,,,,,,,,,,,,,,,,,,,,,,,,,,,,,,,,,,,,,,,,,,,,,,,,,,,,,,,,,,,,,,,,,,,,,,,,,,,,,,,,,,,,,,,,,,,,,,,,,,,,,,,,,,,,,,,,,,,,,,,,,,,,,,,,,,,,,,,,,,,,,,,,,,,,,,,,,,,,,,,,,,,,,,,,,,,,,,
20211111173033,10,relu,0.99,256,128,64,32.0,0.001,10000,1000,0.99,tanh,0.0,6,sfpar,True,-46.0,-44.699999999999996,-44.1,-42.9,-40.1,-41.4,-40.8,-42.4,-39.1,-41.4,-39.3,-39.4,-40.1,-37.4,-39.2,-40.6,-40.699999999999996,-38.0,-44.1,-45.300000000000004,-41.35,16.0,,,,,,,,,,,,,,,,,,,,,,,,,,,,,,,,,,,,,,,,,,,,,,,,,,,,,,,,,,,,,,,,,,,,,,,,,,,,,,,,,,,,,,,,,,,,,,,,,,,,,,,,,,,,,,,,,,,,,,,,,,,,,,,,,,,,,,,,,,,,,,,,,,,,,,,,,,,,,,,,,,,,,,,,,,,,,,,,,,,,,,
20211111175441,10,relu,0.99,256,128,64,32.0,0.001,10000,1000,0.99,linear,0.0,6,sfpar,True,-47.300000000000004,-45.800000000000004,-44.6,-45.3,-41.9,-41.3,-44.6,-36.6,-39.199999999999996,-38.1,-44.800000000000004,-40.0,-39.2,-40.300000000000004,-40.6,-40.9,-39.300000000000004,-38.5,-38.5,-40.9,-41.385,16.0,,,,,,,,,,,,,,,,,,,,,,,,,,,,,,,,,,,,,,,,,,,,,,,,,,,,,,,,,,,,,,,,,,,,,,,,,,,,,,,,,,,,,,,,,,,,,,,,,,,,,,,,,,,,,,,,,,,,,,,,,,,,,,,,,,,,,,,,,,,,,,,,,,,,,,,,,,,,,,,,,,,,,,,,,,,,,,,,,,,,,,
20211111182947,10,relu,0.99,256,128,64,32.0,0.001,10000,1000,0.99,tanh,0.0,6,,,,,,,,,,,,,,,,,,,,,,,,16.0,,,,,,,,,,,,,,,,,,,,,,,,,,,,,,,,,,,,,,,,,,,,,,,,,,,,,,,,,,,,,,,,,,,,,,,,,,,,,,,,,,,,,,,,,,,,,,,,,,,,,,,,,,,,,,,,,,,,,,,,,,,,,,,,,,,,,,,,,,,,,,,,,,,,,,,,,,,,,,,,,,,,,,,,,,,,,,,,,,,,,,
20211111183740,10,relu,0.99,256,128,64,32.0,0.001,10000,1000,0.99,tanh,0.0,6,,,,,,,,,,,,,,,,,,,,,,,,16.0,,,,,,,,,,,,,,,,,,,,,,,,,,,,,,,,,,,,,,,,,,,,,,,,,,,,,,,,,,,,,,,,,,,,,,,,,,,,,,,,,,,,,,,,,,,,,,,,,,,,,,,,,,,,,,,,,,,,,,,,,,,,,,,,,,,,,,,,,,,,,,,,,,,,,,,,,,,,,,,,,,,,,,,,,,,,,,,,,,,,,,
20211111183835,10,relu,0.99,256,128,64,32.0,0.001,10000,1000,0.99,tanh,0.0,6,sfpar,True,-46.5,-47.5,-46.5,-45.6,-43.5,-43.3,-44.8,-47.0,-41.6,-46.0,-46.1,-47.099999999999994,-41.5,-44.4,-46.6,-42.4,-45.8,-44.9,-43.800000000000004,-45.4,-45.01499999999999,16.0,,,,,,,,,,,,,,,,,,,,,,,,,,,,,,,,,,,,,,,,,,,,,,,,,,,,,,,,,,,,,,,,,,,,,,,,,,,,,,,,,,,,,,,,,,,,,,,,,,,,,,,,,,,,,,,,,,,,,,,,,,,,,,,,,,,,,,,,,,,,,,,,,,,,,,,,,,,,,,,,,,,,,,,,,,,,,,,,,,,,,,
20211111190032,10,relu,0.99,256,128,64,32.0,0.001,10000,1000,0.99,linear,0.0,6,sfpar,True,-46.4,-46.6,-44.7,-43.9,-42.3,-41.199999999999996,-40.8,-37.5,-40.5,-36.4,-43.3,-34.8,-35.400000000000006,-36.599999999999994,-42.1,-43.6,-45.5,-36.0,-44.7,-42.0,-41.215,16.0,,,,,,,,,,,,,,,,,,,,,,,,,,,,,,,,,,,,,,,,,,,,,,,,,,,,,,,,,,,,,,,,,,,,,,,,,,,,,,,,,,,,,,,,,,,,,,,,,,,,,,,,,,,,,,,,,,,,,,,,,,,,,,,,,,,,,,,,,,,,,,,,,,,,,,,,,,,,,,,,,,,,,,,,,,,,,,,,,,,,,,
20211111193837,10,relu,0.99,256,128,64,32.0,0.001,10000,1000,0.99,tanh,0.0,6,,,,,,,,,,,,,,,,,,,,,,,,16.0,64.0,128.0,,,,,,,,,,,,,,,,,,,,,,,,,,,,,,,,,,,,,,,,,,,,,,,,,,,,,,,,,,,,,,,,,,,,,,,,,,,,,,,,,,,,,,,,,,,,,,,,,,,,,,,,,,,,,,,,,,,,,,,,,,,,,,,,,,,,,,,,,,,,,,,,,,,,,,,,,,,,,,,,,,,,,,,,,,,,,,,,,,,,
20211111194242,10,relu,0.99,256,128,64,32.0,0.001,10000,1000,0.99,tanh,0.0,6,,,,,,,,,,,,,,,,,,,,,,,,16.0,64.0,128.0,,,,,,,,,,,,,,,,,,,,,,,,,,,,,,,,,,,,,,,,,,,,,,,,,,,,,,,,,,,,,,,,,,,,,,,,,,,,,,,,,,,,,,,,,,,,,,,,,,,,,,,,,,,,,,,,,,,,,,,,,,,,,,,,,,,,,,,,,,,,,,,,,,,,,,,,,,,,,,,,,,,,,,,,,,,,,,,,,,,,
20211111195831,10,relu,0.99,256,128,64,32.0,0.001,10000,1000,0.99,tanh,0.0,6,,,,,,,,,,,,,,,,,,,,,,,,16.0,64.0,128.0,,,,,,,,,,,,,,,,,,,,,,,,,,,,,,,,,,,,,,,,,,,,,,,,,,,,,,,,,,,,,,,,,,,,,,,,,,,,,,,,,,,,,,,,,,,,,,,,,,,,,,,,,,,,,,,,,,,,,,,,,,,,,,,,,,,,,,,,,,,,,,,,,,,,,,,,,,,,,,,,,,,,,,,,,,,,,,,,,,,,
20211111200008,10,relu,0.99,256,128,64,32.0,0.001,10000,1000,0.99,tanh,0.0,27,,,,,,,,,,,,,,,,,,,,,,,,16.0,,,,,,,,,,,,,,,,,,,,,,,,,,,,,,,,,,,,,,,,,,,,,,,,,,,,,,,,,,,,,,,,,,,,,,,,,,,,,,,,,,,,,,,,,,,,,,,,,,,,,,,,,,,,,,,,,,,,,,,,,,,,,,,,,,,,,,,,,,,,,,,,,,,,,,,,,,,,,,,,,,,,,,,,,,,,,,,,,,,,,,
20211111200142,10,relu,0.99,256,128,64,32.0,0.001,10000,1000,0.99,tanh,0.0,27,sfpar,True,-46.1,-45.199999999999996,-47.5,-44.7,-44.5,-45.2,-45.6,-42.699999999999996,-48.2,-47.8,-44.1,-44.4,-44.099999999999994,-44.7,-45.4,-46.3,-45.0,-43.7,-44.4,-44.699999999999996,-45.215,16.0,,,,,,,,,,,,,,,,,,,,,,,,,,,,,,,,,,,,,,,,,,,,,,,,,,,,,,,,,,,,,,,,,,,,,,,,,,,,,,,,,,,,,,,,,,,,,,,,,,,,,,,,,,,,,,,,,,,,,,,,,,,,,,,,,,,,,,,,,,,,,,,,,,,,,,,,,,,,,,,,,,,,,,,,,,,,,,,,,,,,,,
20211111203203,10,relu,0.99,256,128,64,32.0,0.001,10000,1000,0.99,softmax,0.0,27,sfpar,True,-47.1,-46.4,-45.0,-45.5,-45.300000000000004,-44.5,-43.6,-43.0,-45.6,-45.5,-45.400000000000006,-46.0,-45.199999999999996,-44.4,-46.300000000000004,-45.0,-46.4,-46.1,-44.9,-44.4,-45.279999999999994,16.0,,,,,,,,,,,,,,,,,,,,,,,,,,,,,,,,,,,,,,,,,,,,,,,,,,,,,,,,,,,,,,,,,,,,,,,,,,,,,,,,,,,,,,,,,,,,,,,,,,,,,,,,,,,,,,,,,,,,,,,,,,,,,,,,,,,,,,,,,,,,,,,,,,,,,,,,,,,,,,,,,,,,,,,,,,,,,,,,,,,,,,
20211111211203,10,relu,0.99,256,128,64,,0.01,10000,1000,0.99,tanh,0.0,27,sfpar,True,-48.0,-47.0,-48.2,-47.3,-48.4,-46.9,-48.0,-47.9,-47.6,-47.1,-48.2,-48.1,-48.1,-47.5,-48.2,-48.5,-47.5,-48.0,-47.4,-47.6,-47.775,,,,,,,,,,,,,,,,,,,,,,,,,,,,,,,,,,,,,,,,,,,,,,,,,,,,,,,,,,,,,,,,,,,,,,,,,,,,,,,,,,,,,,,,,,,,,,,,,,,,,,,,,,,,,,,,,,,,,,,,,,,,,,,,,,,,,,,,,,,,,,,,,,,,,,,,,,,,,,,,,,,,,,,,,,,,,,,,,,,,,,,
20211111213642,10,relu,0.99,256,128,64,,0.0001,10000,1000,0.99,tanh,0.0,27,,,,,,,,,,,,,,,,,,,,,,,,,,,,,,,,,,,,,,,,,,,,,,,,,,,,,,,,,,,,,,,,,,,,,,,,,,,,,,,,,,,,,,,,,,,,,,,,,,,,,,,,,,,,,,,,,,,,,,,,,,,,,,,,,,,,,,,,,,,,,,,,,,,,,,,,,,,,,,,,,,,,,,,,,,,,,,,,,,,,,,,,,,,,,,,,,,,,,,,,,,,,,,
20211111213707,10,relu,0.99,256,128,64,,0.0001,10000,1000,0.99,tanh,0.0,27,,,,,,,,,,,,,,,,,,,,,,,,,,,,,,,,,,,,,,,,,,,,,,,,,,,,,,,,,,,,,,,,,,,,,,,,,,,,,,,,,,,,,,,,,,,,,,,,,,,,,,,,,,,,,,,,,,,,,,,,,,,,,,,,,,,,,,,,,,,,,,,,,,,,,,,,,,,,,,,,,,,,,,,,,,,,,,,,,,,,,,,,,,,,,,,,,,,,,,,,,,,,,,
20211111214123,10,relu,0.99,256,128,64,,0.0001,10000,1000,0.99,tanh,0.0,27,,,,,,,,,,,,,,,,,,,,,,,,,,,,,,,,,,,,,,,,,,,,,,,,,,,,,,,,,,,,,,,,,,,,,,,,,,,,,,,,,,,,,,,,,,,,,,,,,,,,,,,,,,,,,,,,,,,,,,,,,,,,,,,,,,,,,,,,,,,,,,,,,,,,,,,,,,,,,,,,,,,,,,,,,,,,,,,,,,,,,,,,,,,,,,,,,,,,,,,,,,,,,,
20211111214438,10,relu,0.99,256,128,64,,0.0001,10000,1000,0.99,tanh,0.0,51,sfpar,True,-47.699999999999996,-46.1,-45.1,-44.5,-42.9,-46.1,-43.5,-44.3,-40.0,-43.5,-42.1,-41.8,-42.2,-41.4,-40.800000000000004,-40.2,-42.9,-42.1,-43.0,-41.0,-43.059999999999995,,,,,,,,,,,,,,,,,,,,,,,,,,,,,,,,,,,,,,,,,,,,,,,,,,,,,,,,,,,,,,,,,,,,,,,,,,,,,,,,,,,,,,,,,,,,,,,,,,,,,,,,,,,,,,,,,,,,,,,,,,,,,,,,,,,,,,,,,,,,,,,,,,,,,,,,,,,,,,,,,,,,,,,,,,,,,,,,,,,,,,,
20211111220420,10,relu,0.99,256,128,64,,0.001,10000,1000,0.99,tanh,0.0,51,sfpar,True,-47.099999999999994,-46.7,-45.099999999999994,-46.0,-45.2,-43.900000000000006,-45.800000000000004,-42.4,-44.400000000000006,-44.0,-44.6,-44.0,-44.099999999999994,-44.800000000000004,-44.5,-43.3,-45.699999999999996,-44.6,-43.4,-44.0,-44.68,,,,,,,,,,,,,,,,,,,,,,,,,,,,,,,,,,,,,,,,,,,,,,,,,,,,,,,,,,,,,,,,,,,,,,,,,,,,,,,,,,,,,,,,,,,,,,,,,,,,,,,,,,,,,,,,,,,,,,,,,,,,,,,,,,,,,,,,,,,,,,,,,,,,,,,,,,,,,,,,,,,,,,,,,,,,,,,,,,,,,,,
20211111222434,10,relu,0.99,512,256,128,64.0,0.0001,10000,1000,0.99,tanh,0.0,51,sfpar,True,-46.9,-46.3,-45.4,-46.199999999999996,-44.900000000000006,-44.3,-44.699999999999996,-44.4,-43.5,-45.3,-46.0,-43.9,-41.800000000000004,-42.6,-43.8,-43.5,-44.4,-43.4,-44.5,-43.7,-44.475,,,,,,,,,,,,,,,,,,,,,,,,,,,,,,,,,,,,,,,,,,,,,,,,,,,,,,,,,,,,,,,,,,,,,,,,,,,,,,,,,,,,,,,,,,,,,,,,,,,,,,,,,,,,,,,,,,,,,,,,,,,,,,,,,,,,,,,,,,,,,,,,,,,,,,,,,,,,,,,,,,,,,,,,,,,,,,,,,,,,,,,
20211111232640,10,relu,0.99,512,256,128,64.0,0.001,10000,1000,0.99,tanh,0.0,51,sfpar,True,-47.8,-46.3,-46.1,-46.1,-45.2,-45.800000000000004,-43.4,-44.7,-45.2,-43.5,-43.800000000000004,-44.0,-43.699999999999996,-44.4,-44.1,-45.5,-42.9,-41.1,-42.2,-41.6,-44.370000000000005,,,,,,,,,,,,,,,,,,,,,,,,,,,,,,,,,,,,,,,,,,,,,,,,,,,,,,,,,,,,,,,,,,,,,,,,,,,,,,,,,,,,,,,,,,,,,,,,,,,,,,,,,,,,,,,,,,,,,,,,,,,,,,,,,,,,,,,,,,,,,,,,,,,,,,,,,,,,,,,,,,,,,,,,,,,,,,,,,,,,,,,
20211112000049,10,relu,0.99,256,128,64,32.0,0.0001,10000,1000,0.99,tanh,0.0,51,sfpar,True,-47.7,-46.8,-46.3,-45.1,-43.9,-44.0,-43.2,-43.1,-44.5,-42.1,-44.0,-41.7,-42.5,-41.7,-42.1,-43.2,-42.0,-46.5,-41.5,-44.0,-43.795,,,,,,,,,,,,,,,,,,,,,,,,,,,,,,,,,,,,,,,,,,,,,,,,,,,,,,,,,,,,,,,,,,,,,,,,,,,,,,,,,,,,,,,,,,,,,,,,,,,,,,,,,,,,,,,,,,,,,,,,,,,,,,,,,,,,,,,,,,,,,,,,,,,,,,,,,,,,,,,,,,,,,,,,,,,,,,,,,,,,,,,
20211112003023,10,relu,0.99,256,128,64,32.0,0.001,10000,1000,0.99,tanh,0.0,51,sfpar,True,-47.400000000000006,-47.0,-47.5,-44.699999999999996,-45.8,-45.6,-44.0,-44.1,-44.9,-46.8,-44.699999999999996,-45.6,-46.099999999999994,-44.9,-46.6,-46.5,-46.0,-46.0,-45.9,-46.7,-45.84,,,,,,,,,,,,,,,,,,,,,,,,,,,,,,,,,,,,,,,,,,,,,,,,,,,,,,,,,,,,,,,,,,,,,,,,,,,,,,,,,,,,,,,,,,,,,,,,,,,,,,,,,,,,,,,,,,,,,,,,,,,,,,,,,,,,,,,,,,,,,,,,,,,,,,,,,,,,,,,,,,,,,,,,,,,,,,,,,,,,,,,
20211112012330,10,relu,0.99,120,60,30,20.0,0.0001,10000,1000,0.99,tanh,0.0,51,,,,,,,,,,,,,,,,,,,,,,,,,,,,,,,,,,,,,,,,,,,,,,,,,,,,,,,,,,,,,,,,,,,,,,,,,,,,,,,,,,,,,,,,,,,,,,,,,,,,,,,,,,,,,,,,,,,,,,,,,,,,,,,,,,,,,,,,,,,,,,,,,,,,,,,,,,,,,,,,,,,,,,,,,,,,,,,,,,,,,,,,,,,,,,,,,,,,,,,,,,,,,,
20211112013211,10,relu,0.99,120,60,30,20.0,0.001,10000,1000,0.99,tanh,0.0,51,,,,,,,,,,,,,,,,,,,,,,,,,,,,,,,,,,,,,,,,,,,,,,,,,,,,,,,,,,,,,,,,,,,,,,,,,,,,,,,,,,,,,,,,,,,,,,,,,,,,,,,,,,,,,,,,,,,,,,,,,,,,,,,,,,,,,,,,,,,,,,,,,,,,,,,,,,,,,,,,,,,,,,,,,,,,,,,,,,,,,,,,,,,,,,,,,,,,,,,,,,,,,,
20211112142427,10,relu,0.99,120,60,30,20.0,0.001,10000,1000,0.99,tanh,0.0,51,,,,,,,,,,,,,,,,,,,,,,,,,,,,,,,,,,,,,,,,,,,,,,,,,,,,,,,,,,,,,,,,,,,,,,,,,,,,,,,,,,,,,,,,,,,,,,,,,,,,,,,,,,,,,,,,,,,,,,,,,,,,,,,,,,,,,,,,,,,,,,,,,,,,,,,,,,,,,,,,,,,,,,,,,,,,,,,,,,,,,,,,,,,,,,,,,,,,,,,,,,,,,,
20211112142517,10,relu,0.99,120,60,30,20.0,0.001,10000,1000,0.99,tanh,0.0,51,,,,,,,,,,,,,,,,,,,,,,,,,,,,,,,,,,,,,,,,,,,,,,,,,,,,,,,,,,,,,,,,,,,,,,,,,,,,,,,,,,,,,,,,,,,,,,,,,,,,,,,,,,,,,,,,,,,,,,,,,,,,,,,,,,,,,,,,,,,,,,,,,,,,,,,,,,,,,,,,,,,,,,,,,,,,,,,,,,,,,,,,,,,,,,,,,,,,,,,,,,,,,,
20211112142557,10,relu,0.99,120,60,30,20.0,0.001,10000,1000,0.99,tanh,0.0,51,,,,,,,,,,,,,,,,,,,,,,,,,,,,,,,,,,,,,,,,,,,,,,,,,,,,,,,,,,,,,,,,,,,,,,,,,,,,,,,,,,,,,,,,,,,,,,,,,,,,,,,,,,,,,,,,,,,,,,,,,,,,,,,,,,,,,,,,,,,,,,,,,,,,,,,,,,,,,,,,,,,,,,,,,,,,,,,,,,,,,,,,,,,,,,,,,,,,,,,,,,,,,,
20211112143310,10,relu,0.99,120,60,30,20.0,0.001,10000,1000,0.99,linear,0.0,51,,,,,,,,,,,,,,,,,,,,,,,,,,,,,,,,,,,,,,,,,,,,,,,,,,,,,,,,,,,,,,,,,,,,,,,,,,,,,,,,,,,,,,,,,,,,,,,,,,,,,,,,,,,,,,,,,,,,,,,,,,,,,,,,,,,,,,,,,,,,,,,,,,,,,,,,,,,,,,,,,,,,,,,,,,,,,,,,,,,,,,,,,,,,,,,,,,,,,,,,,,,,,,
20211112143807,10,relu,0.99,120,60,30,20.0,0.001,10000,1000,0.99,linear,0.0,51,,,,,,,,,,,,,,,,,,,,,,,,,,,,,,,,,,,,,,,,,,,,,,,,,,,,,,,,,,,,,,,,,,,,,,,,,,,,,,,,,,,,,,,,,,,,,,,,,,,,,,,,,,,,,,,,,,,,,,,,,,,,,,,,,,,,,,,,,,,,,,,,,,,,,,,,,,,,,,,,,,,,,,,,,,,,,,,,,,,,,,,,,,,,,,,,,,,,,,,,,,,,,,
20211112143845,10,relu,0.99,120,60,30,20.0,0.001,10000,1000,0.99,linear,0.0,51,,,,,,,,,,,,,,,,,,,,,,,,,,,,,,,,,,,,,,,,,,,,,,,,,,,,,,,,,,,,,,,,,,,,,,,,,,,,,,,,,,,,,,,,,,,,,,,,,,,,,,,,,,,,,,,,,,,,,,,,,,,,,,,,,,,,,,,,,,,,,,,,,,,,,,,,,,,,,,,,,,,,,,,,,,,,,,,,,,,,,,,,,,,,,,,,,,,,,,,,,,,,,,
20211112143935,10,relu,0.99,120,60,30,20.0,0.001,10000,1000,0.99,linear,0.0,51,,,,,,,,,,,,,,,,,,,,,,,,,,,,,,,,,,,,,,,,,,,,,,,,,,,,,,,,,,,,,,,,,,,,,,,,,,,,,,,,,,,,,,,,,,,,,,,,,,,,,,,,,,,,,,,,,,,,,,,,,,,,,,,,,,,,,,,,,,,,,,,,,,,,,,,,,,,,,,,,,,,,,,,,,,,,,,,,,,,,,,,,,,,,,,,,,,,,,,,,,,,,,,
20211112144153,10,relu,0.99,120,60,30,20.0,0.001,10000,1000,0.99,linear,0.0,51,,,,,,,,,,,,,,,,,,,,,,,,,,,,,,,,,,,,,,,,,,,,,,,,,,,,,,,,,,,,,,,,,,,,,,,,,,,,,,,,,,,,,,,,,,,,,,,,,,,,,,,,,,,,,,,,,,,,,,,,,,,,,,,,,,,,,,,,,,,,,,,,,,,,,,,,,,,,,,,,,,,,,,,,,,,,,,,,,,,,,,,,,,,,,,,,,,,,,,,,,,,,,,
20211112144234,10,relu,0.99,120,60,30,20.0,0.001,10000,1000,0.99,linear,0.0,51,,,,,,,,,,,,,,,,,,,,,,,,,,,,,,,,,,,,,,,,,,,,,,,,,,,,,,,,,,,,,,,,,,,,,,,,,,,,,,,,,,,,,,,,,,,,,,,,,,,,,,,,,,,,,,,,,,,,,,,,,,,,,,,,,,,,,,,,,,,,,,,,,,,,,,,,,,,,,,,,,,,,,,,,,,,,,,,,,,,,,,,,,,,,,,,,,,,,,,,,,,,,,,
20211112144335,10,relu,0.99,120,60,30,20.0,0.001,10000,1000,0.99,linear,0.0,51,,,,,,,,,,,,,,,,,,,,,,,,,,,,,,,,,,,,,,,,,,,,,,,,,,,,,,,,,,,,,,,,,,,,,,,,,,,,,,,,,,,,,,,,,,,,,,,,,,,,,,,,,,,,,,,,,,,,,,,,,,,,,,,,,,,,,,,,,,,,,,,,,,,,,,,,,,,,,,,,,,,,,,,,,,,,,,,,,,,,,,,,,,,,,,,,,,,,,,,,,,,,,,
20211112144603,10,relu,0.99,120,60,30,20.0,0.001,10000,1000,0.99,linear,0.0,51,,,,,,,,,,,,,,,,,,,,,,,,,,,,,,,,,,,,,,,,,,,,,,,,,,,,,,,,,,,,,,,,,,,,,,,,,,,,,,,,,,,,,,,,,,,,,,,,,,,,,,,,,,,,,,,,,,,,,,,,,,,,,,,,,,,,,,,,,,,,,,,,,,,,,,,,,,,,,,,,,,,,,,,,,,,,,,,,,,,,,,,,,,,,,,,,,,,,,,,,,,,,,,
20211112144957,10,relu,0.99,256,128,64,32.0,0.001,10000,1000,0.99,linear,0.0,51,,,,,,,,,,,,,,,,,,,,,,,,,,,,,,,,,,,,,,,,,,,,,,,,,,,,,,,,,,,,,,,,,,,,,,,,,,,,,,,,,,,,,,,,,,,,,,,,,,,,,,,,,,,,,,,,,,,,,,,,,,,,,,,,,,,,,,,,,,,,,,,,,,,,,,,,,,,,,,,,,,,,,,,,,,,,,,,,,,,,,,,,,,,,,,,,,,,,,,,,,,,,,,
20211112145151,10,relu,0.99,256,128,64,32.0,0.001,10000,1000,0.99,tanh,0.0,51,,,,,,,,,,,,,,,,,,,,,,,,,,,,,,,,,,,,,,,,,,,,,,,,,,,,,,,,,,,,,,,,,,,,,,,,,,,,,,,,,,,,,,,,,,,,,,,,,,,,,,,,,,,,,,,,,,,,,,,,,,,,,,,,,,,,,,,,,,,,,,,,,,,,,,,,,,,,,,,,,,,,,,,,,,,,,,,,,,,,,,,,,,,,,,,,,,,,,,,,,,,,,,
20211112190329,10,relu,0.99,256,128,64,32.0,0.001,10000,1000,0.99,tanh,0.0,51,,,,,,,,,,,,,,,,,,,,,,,,,,,,,,,,,,,,,,,,,,,,,,,,,,,,,,,,,,,,,,,,,,,,,,,,,,,,,,,,,,,,,,,,,,,,,,,,,,,,,,,,,,,,,,,,,,,,,,,,,,,,,,,,,,,,,,,,,,,,,,,,,,,,,,,,,,,,,,,,,,,,,,,,,,,,,,,,,,,,,,,,,,,,,,,,,,,,,,,,,,,,,,
20211112190439,10,relu,0.99,256,128,64,32.0,0.001,10000,1000,0.99,tanh,0.0,51,,,,,,,,,,,,,,,,,,,,,,,,,,,,,,,,,,,,,,,,,,,,,,,,,,,,,,,,,,,,,,,,,,,,,,,,,,,,,,,,,,,,,,,,,,,,,,,,,,,,,,,,,,,,,,,,,,,,,,,,,,,,,,,,,,,,,,,,,,,,,,,,,,,,,,,,,,,,,,,,,,,,,,,,,,,,,,,,,,,,,,,,,,,,,,,,,,,,,,,,,,,,,,
20211112191948,10,relu,0.99,256,128,64,32.0,0.001,10000,1000,0.99,tanh,0.0,51,,,,,,,,,,,,,,,,,,,,,,,,,,,,,,,,,,,,,,,,,,,,,,,,,,,,,,,,,,,,,,,,,,,,,,,,,,,,,,,,,,,,,,,,,,,,,,,,,,,,,,,,,,,,,,,,,,,,,,,,,,,,,,,,,,,,,,,,,,,,,,,,,,,,,,,,,,,,,,,,,,,,,,,,,,,,,,,,,,,,,,,,,,,,,,,,,,,,,,,,,,,,,,
20211112192059,10,relu,0.99,256,128,64,32.0,0.001,10000,1000,0.99,tanh,0.0,51,,,,,,,,,,,,,,,,,,,,,,,,,,,,,,,,,,,,,,,,,,,,,,,,,,,,,,,,,,,,,,,,,,,,,,,,,,,,,,,,,,,,,,,,,,,,,,,,,,,,,,,,,,,,,,,,,,,,,,,,,,,,,,,,,,,,,,,,,,,,,,,,,,,,,,,,,,,,,,,,,,,,,,,,,,,,,,,,,,,,,,,,,,,,,,,,,,,,,,,,,,,,,,
20211112201207,10,relu,0.99,256,128,64,32.0,0.001,10000,1000,0.99,tanh,0.0,51,Simple,True,-45.0,-42.3,-42.300000000000004,-41.0,-39.8,-38.6,-37.099999999999994,-40.2,-39.9,-39.699999999999996,-36.1,-34.9,-31.199999999999996,-34.9,-36.0,-30.400000000000002,-34.7,-35.400000000000006,-34.400000000000006,-33.1,-27.492000000000004,,,,-28.900000000000002,-26.7,-25.900000000000002,-26.0,-34.1,-25.900000000000002,-27.0,-30.0,-28.3,-32.599999999999994,-28.0,-25.9,-29.2,-26.400000000000002,-26.700000000000003,-31.8,-28.8,-27.599999999999998,-27.700000000000003,-30.200000000000003,-30.799999999999997,-27.5,-25.9,-27.799999999999997,-25.9,-24.700000000000003,-22.9,-25.5,-25.1,-23.599999999999998,-25.999999999999996,-24.4,-27.4,-26.4,-32.4,-26.5,-24.900000000000002,-25.1,-21.799999999999997,-23.9,-25.7,-23.299999999999997,-24.200000000000003,-24.9,-24.999999999999996,-24.3,-26.599999999999998,-26.0,-23.4,-23.999999999999996,-24.800000000000004,-25.700000000000003,-23.599999999999998,-27.800000000000004,-26.299999999999997,-27.900000000000002,-24.9,-21.400000000000002,-27.0,-28.0,-25.599999999999998,-26.6,-26.4,-23.700000000000003,-26.5,-21.5,-25.400000000000002,-24.799999999999997,-26.7,-26.800000000000004,-28.299999999999997,-22.7,-26.400000000000002,-28.2,-27.000000000000004,-28.200000000000003,-25.599999999999998,-21.9,-25.799999999999997,-28.6,-26.500000000000004,-26.900000000000002,-26.5,-26.799999999999997,-28.3,-25.700000000000003,-27.599999999999998,-25.3,-25.200000000000003,-22.999999999999996,-25.4,-25.900000000000002,-25.700000000000003,-29.099999999999998,-25.700000000000003,-23.699999999999996,-27.0,-25.4,-24.5,-25.5,-27.8,-24.1,-23.5,-22.099999999999998,-22.299999999999997,-25.700000000000003,-26.700000000000003,-24.499999999999996,-27.5,-25.699999999999996,-23.1,-27.5,-26.699999999999996,-25.1,-25.799999999999997,-23.5,-22.200000000000003,-25.6,-22.299999999999997,-24.699999999999996,-26.8,-29.099999999999998,-29.599999999999998,-27.800000000000004,-26.1,-27.9,-26.099999999999998,-26.099999999999998,-26.199999999999996,-25.099999999999998,-27.4,-27.799999999999997,-26.6,-24.4,-24.9,-26.700000000000003,-29.8,-27.8,-29.200000000000003,-25.6,-27.9,-29.3,-29.300000000000004,-23.800000000000004,-28.200000000000003,-27.9,-26.0,-27.699999999999996,-27.3,-27.599999999999998,-27.2,-28.5,-26.6,-25.6,-24.5,-28.0,-27.499999999999996,-27.5,-28.3,-27.8,-26.4,-27.199999999999996,-27.9,-31.599999999999998,-26.7,-27.799999999999997,-27.099999999999998,-26.6,-28.199999999999996,-25.599999999999998,-24.1,-27.7,-27.4,-26.6,-30.8,-24.5,-25.499999999999996,-25.099999999999998,-28.3,-25.0
20211113155329,10,relu,0.99,256,128,64,32.0,0.001,10000,1000,0.99,tanh,0.0,51,random_no_suicide,True,-14.5,-11.5,-8.900000000000002,-8.8,-4.4,-6.300000000000001,-6.0,-6.999999999999998,-2.0999999999999996,-3.6999999999999993,1.0,-0.29999999999999893,0.3999999999999986,2.299999999999999,-1.9000000000000004,1.0999999999999996,-0.5999999999999996,0.0,-1.0,2.4000000000000004,-3.4899999999999993,,,,,,,,,,,,,,,,,,,,,,,,,,,,,,,,,,,,,,,,,,,,,,,,,,,,,,,,,,,,,,,,,,,,,,,,,,,,,,,,,,,,,,,,,,,,,,,,,,,,,,,,,,,,,,,,,,,,,,,,,,,,,,,,,,,,,,,,,,,,,,,,,,,,,,,,,,,,,,,,,,,,,,,,,,,,,,,,,,,,,,,
20211113180030,10,relu,0.999,256,128,64,32.0,0.001,10000,1000,0.99,tanh,0.0,51,random_no_suicide,False,,,,,,,,,,,,,,,,,,,,,,,,,,,,,,,,,,,,,,,,,,,,,,,,,,,,,,,,,,,,,,,,,,,,,,,,,,,,,,,,,,,,,,,,,,,,,,,,,,,,,,,,,,,,,,,,,,,,,,,,,,,,,,,,,,,,,,,,,,,,,,,,,,,,,,,,,,,,,,,,,,,,,,,,,,,,,,,,,,,,,,,,,,,,,,,,,,,,,,,,,,,,
20211113181846,10,relu,0.99,256,128,64,32.0,0.001,10000,1000,0.99,tanh,0.0,51,random_no_suicide,False,,,,,,,,,,,,,,,,,,,,,,,,,,,,,,,,,,,,,,,,,,,,,,,,,,,,,,,,,,,,,,,,,,,,,,,,,,,,,,,,,,,,,,,,,,,,,,,,,,,,,,,,,,,,,,,,,,,,,,,,,,,,,,,,,,,,,,,,,,,,,,,,,,,,,,,,,,,,,,,,,,,,,,,,,,,,,,,,,,,,,,,,,,,,,,,,,,,,,,,,,,,,
20211113183404,10,relu,0.99,256,128,64,32.0,0.001,10000,1000,0.99,tanh,0.0,51,random_no_suicide,True,-14.2,-13.100000000000001,-7.299999999999999,-7.400000000000002,-2.200000000000001,-3.200000000000001,-5.0,-4.5,-6.0,-1.0,1.5999999999999996,-0.5999999999999996,-0.5,-0.9000000000000004,0.5,0.29999999999999893,4.0,-0.40000000000000036,-3.8000000000000007,2.5,-3.06,,,,,,,,,,,,,,,,,,,,,,,,,,,,,,,,,,,,,,,,,,,,,,,,,,,,,,,,,,,,,,,,,,,,,,,,,,,,,,,,,,,,,,,,,,,,,,,,,,,,,,,,,,,,,,,,,,,,,,,,,,,,,,,,,,,,,,,,,,,,,,,,,,,,,,,,,,,,,,,,,,,,,,,,,,,,,,,,,,,,,,,
20211113200626,10,relu,0.99,256,128,64,32.0,0.001,10000,1000,0.99,tanh,0.0,51,,,,,,,,,,,,,,,,,,,,,,,,,,,,,,,,,,,,,,,,,,,,,,,,,,,,,,,,,,,,,,,,,,,,,,,,,,,,,,,,,,,,,,,,,,,,,,,,,,,,,,,,,,,,,,,,,,,,,,,,,,,,,,,,,,,,,,,,,,,,,,,,,,,,,,,,,,,,,,,,,,,,,,,,,,,,,,,,,,,,,,,,,,,,,,,,,,,,,,,,,,,,,,
20211113205515,10,relu,0.01,256,128,64,32.0,0.001,10000,1000,0.99,tanh,0.0,51,random_no_suicide,True,7.6,8.299999999999999,8.8,4.200000000000001,8.7,8.4,10.8,10.5,9.5,8.9,9.1,11.0,10.399999999999999,8.499999999999998,7.799999999999999,7.4,9.4,9.200000000000001,12.5,10.5,9.900000000000002,,,,10.799999999999999,9.4,11.899999999999999,11.899999999999999,13.100000000000001,7.9,9.500000000000002,9.8,9.399999999999999,7.800000000000001,11.400000000000002,10.3,12.700000000000001,7.699999999999999,9.2,9.6,12.000000000000002,10.700000000000001,12.399999999999999,8.5,11.0,9.400000000000002,9.1,10.3,10.6,10.700000000000001,8.3,10.9,9.400000000000002,10.1,10.6,11.9,8.600000000000001,12.700000000000001,11.500000000000002,12.200000000000001,9.6,6.9,11.5,11.200000000000001,,,,,,,,,,,,,,,,,,,,,,,,,,,,,,,,,,,,,,,,,,,,,,,,,,,,,,,,,,,,,,,,,,,,,,,,,,,,,,,,,,,,,,,,,,,,,,,,,,,,,,,,,,,,,,,,,,,,,,,,,,,,,,,,,,,,,,,,,,,,
20211113222125,10,relu,0.99,256,128,64,32.0,0.001,10000,1000,0.99,tanh,0.0,51,,,,,,,,,,,,,,,,,,,,,,,,,,,,,,,,,,,,,,,,,,,,,,,,,,,,,,,,,,,,,,,,,,,,,,,,,,,,,,,,,,,,,,,,,,,,,,,,,,,,,,,,,,,,,,,,,,,,,,,,,,,,,,,,,,,,,,,,,,,,,,,,,,,,,,,,,,,,,,,,,,,,,,,,,,,,,,,,,,,,,,,,,,,,,,,,,,,,,,,,,,,,,,
20211113222559,10,relu,0.99,256,128,64,32.0,0.001,10000,1000,0.99,tanh,0.0,51,,,,,,,,,,,,,,,,,,,,,,,,,,,,,,,,,,,,,,,,,,,,,,,,,,,,,,,,,,,,,,,,,,,,,,,,,,,,,,,,,,,,,,,,,,,,,,,,,,,,,,,,,,,,,,,,,,,,,,,,,,,,,,,,,,,,,,,,,,,,,,,,,,,,,,,,,,,,,,,,,,,,,,,,,,,,,,,,,,,,,,,,,,,,,,,,,,,,,,,,,,,,,,
20211113222728,10,relu,0.99,256,128,64,32.0,0.001,10000,1000,0.99,tanh,0.0,51,,,,,,,,,,,,,,,,,,,,,,,,,,,,,,,,,,,,,,,,,,,,,,,,,,,,,,,,,,,,,,,,,,,,,,,,,,,,,,,,,,,,,,,,,,,,,,,,,,,,,,,,,,,,,,,,,,,,,,,,,,,,,,,,,,,,,,,,,,,,,,,,,,,,,,,,,,,,,,,,,,,,,,,,,,,,,,,,,,,,,,,,,,,,,,,,,,,,,,,,,,,,,,
20211113222803,10,relu,0.99,256,128,64,32.0,0.001,10000,1000,0.99,tanh,0.0,51,random_with_attack,True,-18.3,-13.6,-12.599999999999998,-11.5,-10.7,-8.1,-10.0,-6.4,-8.3,-11.3,-10.600000000000001,-7.5,-7.6000000000000005,-7.700000000000001,-7.300000000000001,-7.800000000000001,-6.5,-8.700000000000001,-9.7,-5.799999999999999,-9.5,,,,,,,,,,,,,,,,,,,,,,,,,,,,,,,,,,,,,,,,,,,,,,,,,,,,,,,,,,,,,,,,,,,,,,,,,,,,,,,,,,,,,,,,,,,,,,,,,,,,,,,,,,,,,,,,,,,,,,,,,,,,,,,,,,,,,,,,,,,,,,,,,,,,,,,,,,,,,,,,,,,,,,,,,,,,,,,,,,,,,,,
20211113225942,10,relu,0.99,256,128,64,32.0,0.001,10000,1000,0.99,tanh,0.0,51,,,,,,,,,,,,,,,,,,,,,,,,,,,,,,,,,,,,,,,,,,,,,,,,,,,,,,,,,,,,,,,,,,,,,,,,,,,,,,,,,,,,,,,,,,,,,,,,,,,,,,,,,,,,,,,,,,,,,,,,,,,,,,,,,,,,,,,,,,,,,,,,,,,,,,,,,,,,,,,,,,,,,,,,,,,,,,,,,,,,,,,,,,,,,,,,,,,,,,,,,,,,,,
20211113231650,10,relu,0.01,256,128,64,32.0,0.001,10000,1000,0.99,tanh,0.0,51,random_with_attack,True,-9.100000000000001,-8.7,-9.0,-5.999999999999999,-7.0,-10.499999999999998,-7.7,-11.100000000000001,-5.299999999999999,-7.1000000000000005,-7.199999999999999,-7.0,-7.0,-7.6000000000000005,-6.0,-7.2,-5.9,-7.8999999999999995,-5.8,-6.8,-7.495000000000002,,,,,,,,,,,,,,,,,,,,,,,,,,,,,,,,,,,,,,,,,,,,,,,,,,,,,,,,,,,,,,,,,,,,,,,,,,,,,,,,,,,,,,,,,,,,,,,,,,,,,,,,,,,,,,,,,,,,,,,,,,,,,,,,,,,,,,,,,,,,,,,,,,,,,,,,,,,,,,,,,,,,,,,,,,,,,,,,,,,,,,,
20211113234329,10,relu,0.99,256,128,64,32.0,0.001,10000,1000,0.99,tanh,0.0,51,,,,,,,,,,,,,,,,,,,,,,,,,,,,,,,,,,,,,,,,,,,,,,,,,,,,,,,,,,,,,,,,,,,,,,,,,,,,,,,,,,,,,,,,,,,,,,,,,,,,,,,,,,,,,,,,,,,,,,,,,,,,,,,,,,,,,,,,,,,,,,,,,,,,,,,,,,,,,,,,,,,,,,,,,,,,,,,,,,,,,,,,,,,,,,,,,,,,,,,,,,,,,,
20211114005402,10,relu,0.01,256,128,64,32.0,0.001,10000,1000,0.99,tanh,0.0,51,random_with_attack,True,-10.0,-7.699999999999999,-7.1000000000000005,-6.299999999999999,-10.0,-6.7,-9.100000000000001,-8.3,-7.500000000000001,-7.0,-5.8999999999999995,-6.299999999999999,-10.000000000000002,-6.1000000000000005,-5.5,-9.0,-7.5,-8.600000000000001,-7.199999999999999,-5.999999999999999,-6.7266666666666675,,,,-6.6,-7.199999999999999,-3.799999999999999,-6.800000000000001,-7.4,-6.0,-5.0,-6.6,-7.299999999999999,-5.699999999999999,-6.1,-7.199999999999999,-5.6,-6.699999999999999,-7.8,-6.7,-9.200000000000001,-7.1,-4.6,-5.299999999999999,-7.0,-5.0,-7.600000000000001,-5.5,-3.0999999999999996,-7.0,-7.6000000000000005,-6.0,-8.3,-5.3,-4.799999999999999,-5.500000000000001,-4.6,-6.199999999999999,-7.1000000000000005,-6.2,-6.6000000000000005,-6.7,-6.8999999999999995,-6.1,,,,,,,,,,,,,,,,,,,,,,,,,,,,,,,,,,,,,,,,,,,,,,,,,,,,,,,,,,,,,,,,,,,,,,,,,,,,,,,,,,,,,,,,,,,,,,,,,,,,,,,,,,,,,,,,,,,,,,,,,,,,,,,,,,,,,,,,,,,,
20211114020703,10,relu,0.99,256,128,64,32.0,0.001,10000,1000,0.99,tanh,0.0,51,,,,,,,,,,,,,,,,,,,,,,,,,,,,,,,,,,,,,,,,,,,,,,,,,,,,,,,,,,,,,,,,,,,,,,,,,,,,,,,,,,,,,,,,,,,,,,,,,,,,,,,,,,,,,,,,,,,,,,,,,,,,,,,,,,,,,,,,,,,,,,,,,,,,,,,,,,,,,,,,,,,,,,,,,,,,,,,,,,,,,,,,,,,,,,,,,,,,,,,,,,,,,,
20211114020731,10,relu,0.99,256,128,64,32.0,0.001,10000,1000,0.99,tanh,0.0,51,,,,,,,,,,,,,,,,,,,,,,,,,,,,,,,,,,,,,,,,,,,,,,,,,,,,,,,,,,,,,,,,,,,,,,,,,,,,,,,,,,,,,,,,,,,,,,,,,,,,,,,,,,,,,,,,,,,,,,,,,,,,,,,,,,,,,,,,,,,,,,,,,,,,,,,,,,,,,,,,,,,,,,,,,,,,,,,,,,,,,,,,,,,,,,,,,,,,,,,,,,,,,,
20211114031512,10,relu,0.99,256,128,64,32.0,0.001,10000,1000,0.99,tanh,0.0,51,random_with_attack,True,-17.9,-13.8,-13.599999999999998,-11.5,-12.4,-10.9,-11.400000000000002,-11.7,-9.700000000000001,-9.0,-11.299999999999999,-10.200000000000001,-11.099999999999998,-11.7,-11.5,-8.6,-9.799999999999999,-10.7,-12.7,-9.5,-11.390000000000002,,,,-10.299999999999999,-9.1,-10.600000000000001,-10.499999999999998,-11.4,-11.5,-10.6,-9.899999999999999,-10.5,-9.799999999999999,-10.499999999999998,-9.6,-11.399999999999999,-11.500000000000002,-9.500000000000002,-10.899999999999999,-12.6,-14.1,-11.2,-12.1,-14.3,-11.799999999999999,-12.499999999999998,-11.900000000000002,-9.6,-13.3,-9.5,-10.2,-11.3,-11.0,-11.8,-12.400000000000002,-11.700000000000001,-12.3,-13.3,-12.899999999999999,-10.700000000000001,-11.899999999999999,-12.7,-11.7,,,,,,,,,,,,,,,,,,,,,,,,,,,,,,,,,,,,,,,,,,,,,,,,,,,,,,,,,,,,,,,,,,,,,,,,,,,,,,,,,,,,,,,,,,,,,,,,,,,,,,,,,,,,,,,,,,,,,,,,,,,,,,,,,,,,,,,,,,,,
20211114153304,10,relu,0.999,256,128,64,32.0,0.001,10000,1000,0.99,tanh,0.0,51,,,,,,,,,,,,,,,,,,,,,,,,,,,,,,,,,,,,,,,,,,,,,,,,,,,,,,,,,,,,,,,,,,,,,,,,,,,,,,,,,,,,,,,,,,,,,,,,,,,,,,,,,,,,,,,,,,,,,,,,,,,,,,,,,,,,,,,,,,,,,,,,,,,,,,,,,,,,,,,,,,,,,,,,,,,,,,,,,,,,,,,,,,,,,,,,,,,,,,,,,,,,,,
20211114161606,10,relu,0.01,256,128,64,32.0,0.001,10000,1000,0.99,tanh,0.0,51,random_with_attack,True,-5.199999999999999,-7.9,-6.100000000000001,-5.6,-5.399999999999999,-5.699999999999999,-5.300000000000001,-8.600000000000001,-6.5,-5.899999999999999,-3.0,-10.3,-6.6,-4.199999999999999,-7.299999999999999,-5.699999999999999,-4.899999999999999,-6.0,-7.100000000000001,-6.100000000000001,-6.84,,,,-6.5,-5.1,-5.6,-6.1,-6.6,-6.300000000000001,-6.3999999999999995,-6.700000000000001,-5.4,-7.299999999999999,-7.0,-10.200000000000001,-7.3999999999999995,-5.9,-7.2,-6.7,-8.5,-7.1,-9.399999999999999,-5.4,-8.399999999999999,-6.200000000000001,-6.6,-8.399999999999999,-7.3999999999999995,-6.300000000000001,-7.299999999999999,-7.6,-5.6,-7.300000000000001,-11.500000000000002,-6.4,-6.5,-7.2,-8.399999999999999,-9.299999999999999,-5.5,-7.800000000000001,-7.9,-8.600000000000001,,,,,,,,,,,,,,,,,,,,,,,,,,,,,,,,,,,,,,,,,,,,,,,,,,,,,,,,,,,,,,,,,,,,,,,,,,,,,,,,,,,,,,,,,,,,,,,,,,,,,,,,,,,,,,,,,,,,,,,,,,,,,,,,,,,,,,,,,,,,
20211114182139,10,relu,0.99,256,128,64,32.0,0.001,10000,1000,0.99,tanh,0.0,51,,,,,,,,,,,,,,,,,,,,,,,,,,,,,,,,,,,,,,,,,,,,,,,,,,,,,,,,,,,,,,,,,,,,,,,,,,,,,,,,,,,,,,,,,,,,,,,,,,,,,,,,,,,,,,,,,,,,,,,,,,,,,,,,,,,,,,,,,,,,,,,,,,,,,,,,,,,,,,,,,,,,,,,,,,,,,,,,,,,,,,,,,,,,,,,,,,,,,,,,,,,,,,
20211114194849,10,relu,0.01,256,128,64,32.0,0.001,10000,1000,0.99,tanh,0.0,51,,,,,,,,,,,,,,,,,,,,,,,,,,,,,,,,,,,,,,,,,,,,,,,,,,,,,,,,,,,,,,,,,,,,,,,,,,,,,,,,,,,,,,,,,,,,,,,,,,,,,,,,,,,,,,,,,,,,,,,,,,,,,,,,,,,,,,,,,,,,,,,,,,,,,,,,,,,,,,,,,,,,,,,,,,,,,,,,,,,,,,,,,,,,,,,,,,,,,,,,,,,,,,
20211114201657,10,relu,0.0,256,128,64,32.0,0.001,10000,1000,0.99,tanh,0.0,51,,,,,,,,,,,,,,,,,,,,,,,,,,,,,,,,,,,,,,,,,,,,,,,,,,,,,,,,,,,,,,,,,,,,,,,,,,,,,,,,,,,,,,,,,,,,,,,,,,,,,,,,,,,,,,,,,,,,,,,,,,,,,,,,,,,,,,,,,,,,,,,,,,,,,,,,,,,,,,,,,,,,,,,,,,,,,,,,,,,,,,,,,,,,,,,,,,,,,,,,,,,,,,
20211114202120,10,relu,0.0,256,128,64,32.0,0.001,10000,1000,0.99,tanh,0.0,51,random_with_attack,True,-6.300000000000001,-4.9,-5.399999999999999,-3.9000000000000004,-7.0,-7.399999999999999,-8.0,-9.3,-9.8,-7.999999999999999,-9.2,-7.1,-10.5,-7.0,-8.599999999999998,-7.899999999999999,-8.5,-10.100000000000001,-11.0,-8.700000000000001,-9.911666666666664,,,,-7.200000000000001,-6.9,-8.8,-7.300000000000001,-9.9,-10.1,-8.899999999999999,-6.0,-7.799999999999999,-12.0,-10.3,-12.4,-11.1,-11.7,-10.5,-9.900000000000002,-9.1,-10.000000000000002,-10.5,-11.7,-11.5,-13.200000000000001,-11.8,-11.9,-13.2,-10.399999999999999,-10.200000000000001,-11.700000000000001,-15.899999999999999,-13.200000000000001,-13.299999999999999,-12.799999999999999,-12.3,-13.200000000000001,-11.000000000000002,-12.499999999999998,-11.4,-9.9,-11.8,-12.8,,,,,,,,,,,,,,,,,,,,,,,,,,,,,,,,,,,,,,,,,,,,,,,,,,,,,,,,,,,,,,,,,,,,,,,,,,,,,,,,,,,,,,,,,,,,,,,,,,,,,,,,,,,,,,,,,,,,,,,,,,,,,,,,,,,,,,,,,,,,
20211114214414,10,relu,0.99,256,128,64,32.0,0.001,10000,1000,0.99,tanh,0.0,51,,,,,,,,,,,,,,,,,,,,,,,,,,,,,,,,,,,,,,,,,,,,,,,,,,,,,,,,,,,,,,,,,,,,,,,,,,,,,,,,,,,,,,,,,,,,,,,,,,,,,,,,,,,,,,,,,,,,,,,,,,,,,,,,,,,,,,,,,,,,,,,,,,,,,,,,,,,,,,,,,,,,,,,,,,,,,,,,,,,,,,,,,,,,,,,,,,,,,,,,,,,,,,
20211114223206,10,relu,0.99,256,128,64,32.0,0.001,10000,1000,0.99,tanh,0.0,51,,,,,,,,,,,,,,,,,,,,,,,,,,,,,,,,,,,,,,,,,,,,,,,,,,,,,,,,,,,,,,,,,,,,,,,,,,,,,,,,,,,,,,,,,,,,,,,,,,,,,,,,,,,,,,,,,,,,,,,,,,,,,,,,,,,,,,,,,,,,,,,,,,,,,,,,,,,,,,,,,,,,,,,,,,,,,,,,,,,,,,,,,,,,,,,,,,,,,,,,,,,,,,
20211114232510,10,relu,0.0,256,128,64,32.0,0.001,10000,1000,0.99,tanh,0.0,51,random_with_attack,True,-6.699999999999999,-9.6,-7.500000000000002,-10.599999999999998,-8.200000000000001,-9.200000000000001,-7.699999999999999,-11.600000000000001,-13.3,-10.100000000000001,-10.2,-10.2,-12.7,-8.7,-11.500000000000002,-11.7,-12.6,-10.299999999999999,-13.2,-10.1,-10.185,,,,-9.099999999999998,-11.600000000000001,-11.400000000000002,-10.3,-9.5,-10.0,-12.3,-10.299999999999999,-11.6,-9.0,-8.4,-8.6,-9.9,-7.800000000000001,-10.700000000000001,-12.5,-11.799999999999999,-11.600000000000001,-9.899999999999999,-10.100000000000001,-11.799999999999999,-10.200000000000001,-9.099999999999998,-8.3,-11.5,-8.100000000000001,-10.1,-8.6,-9.8,-13.0,-7.1,-10.900000000000002,-10.400000000000002,-8.9,-12.7,-10.000000000000002,-9.0,-12.0,-10.700000000000001,-6.799999999999999,,,,,,,,,,,,,,,,,,,,,,,,,,,,,,,,,,,,,,,,,,,,,,,,,,,,,,,,,,,,,,,,,,,,,,,,,,,,,,,,,,,,,,,,,,,,,,,,,,,,,,,,,,,,,,,,,,,,,,,,,,,,,,,,,,,,,,,,,,,,
20211115170218,10,relu,0.999,256,128,64,32.0,0.001,10000,1000,0.99,tanh,0.0,51,,,,,,,,,,,,,,,,,,,,,,,,,,,,,,,,,,,,,,,,,,,,,,,,,,,,,,,,,,,,,,,,,,,,,,,,,,,,,,,,,,,,,,,,,,,,,,,,,,,,,,,,,,,,,,,,,,,,,,,,,,,,,,,,,,,,,,,,,,,,,,,,,,,,,,,,,,,,,,,,,,,,,,,,,,,,,,,,,,,,,,,,,,,,,,,,,,,,,,,,,,,,,,
20211115175058,10,relu,0.999,256,128,64,32.0,0.001,10000,1000,0.99,tanh,0.0,51,,,,,,,,,,,,,,,,,,,,,,,,,,,,,,,,,,,,,,,,,,,,,,,,,,,,,,,,,,,,,,,,,,,,,,,,,,,,,,,,,,,,,,,,,,,,,,,,,,,,,,,,,,,,,,,,,,,,,,,,,,,,,,,,,,,,,,,,,,,,,,,,,,,,,,,,,,,,,,,,,,,,,,,,,,,,,,,,,,,,,,,,,,,,,,,,,,,,,,,,,,,,,,
20211115175157,10,relu,0.999,256,128,64,32.0,0.001,10000,1000,0.99,tanh,0.0,51,,,,,,,,,,,,,,,,,,,,,,,,,,,,,,,,,,,,,,,,,,,,,,,,,,,,,,,,,,,,,,,,,,,,,,,,,,,,,,,,,,,,,,,,,,,,,,,,,,,,,,,,,,,,,,,,,,,,,,,,,,,,,,,,,,,,,,,,,,,,,,,,,,,,,,,,,,,,,,,,,,,,,,,,,,,,,,,,,,,,,,,,,,,,,,,,,,,,,,,,,,,,,,
20211115183002,10,relu,0.0,256,128,64,32.0,0.001,10000,1000,0.99,tanh,0.0,51,random_with_attack,True,2.3000000000000007,0.3000000000000007,-0.3000000000000007,6.4,2.8000000000000007,2.5,2.3000000000000007,1.5,4.300000000000001,1.4000000000000004,-0.3000000000000007,3.5,1.5999999999999996,-2.0,0.9000000000000004,3.0,5.0,-0.7000000000000011,-1.0,1.6999999999999993,1.7183333333333333,,,,-1.5999999999999996,-0.7000000000000011,-0.5999999999999996,2.5999999999999996,1.8999999999999986,0.5999999999999996,-1.5999999999999996,-0.1999999999999993,-0.6999999999999993,4.6,3.299999999999999,1.5999999999999996,2.0,0.40000000000000036,-2.0,2.1999999999999993,7.0,-1.0999999999999996,5.6,1.0,6.0,2.6999999999999993,3.700000000000001,1.0,-0.5999999999999996,-1.5,5.199999999999999,0.8999999999999986,2.3999999999999986,1.9000000000000004,2.6000000000000014,-2.8000000000000007,5.1,0.6999999999999993,3.0,-0.8000000000000007,2.299999999999999,7.5,4.5,-0.20000000000000107,,,,,,,,,,,,,,,,,,,,,,,,,,,,,,,,,,,,,,,,,,,,,,,,,,,,,,,,,,,,,,,,,,,,,,,,,,,,,,,,,,,,,,,,,,,,,,,,,,,,,,,,,,,,,,,,,,,,,,,,,,,,,,,,,,,,,,,,,,,,
20211115203906,10,relu,0.99,256,128,64,32.0,0.001,10000,1000,0.99,tanh,0.0,51,,,,,,,,,,,,,,,,,,,,,,,,,,,,,,,,,,,,,,,,,,,,,,,,,,,,,,,,,,,,,,,,,,,,,,,,,,,,,,,,,,,,,,,,,,,,,,,,,,,,,,,,,,,,,,,,,,,,,,,,,,,,,,,,,,,,,,,,,,,,,,,,,,,,,,,,,,,,,,,,,,,,,,,,,,,,,,,,,,,,,,,,,,,,,,,,,,,,,,,,,,,,,,
20211115213434,10,relu,0.0,256,128,64,32.0,0.001,10000,1000,0.99,tanh,0.0,51,random_with_attack,True,0.5,1.1999999999999993,2.0999999999999996,3.5999999999999996,2.0,4.1,6.300000000000001,0.5999999999999996,4.299999999999999,3.9999999999999982,2.5999999999999996,2.4000000000000004,1.5999999999999996,10.100000000000001,6.800000000000001,6.300000000000001,8.8,4.6,6.800000000000001,3.700000000000001,3.765,,,,4.700000000000001,7.800000000000001,7.199999999999999,6.5,1.5,-1.799999999999999,4.0,2.5,3.8000000000000007,5.0,5.799999999999999,4.800000000000001,0.8000000000000007,5.699999999999999,1.0,6.299999999999999,3.3999999999999986,4.699999999999999,4.600000000000001,6.899999999999999,4.4,4.800000000000001,4.700000000000001,1.5,4.399999999999999,0.6999999999999993,1.9000000000000004,1.299999999999999,1.0999999999999996,-3.0999999999999996,1.200000000000001,6.300000000000001,4.399999999999999,1.8000000000000007,5.600000000000001,3.4000000000000004,3.0999999999999996,7.199999999999999,3.299999999999999,0.3000000000000007,,,,,,,,,,,,,,,,,,,,,,,,,,,,,,,,,,,,,,,,,,,,,,,,,,,,,,,,,,,,,,,,,,,,,,,,,,,,,,,,,,,,,,,,,,,,,,,,,,,,,,,,,,,,,,,,,,,,,,,,,,,,,,,,,,,,,,,,,,,,
20211115224523,10,relu,0.0,256,128,64,32.0,0.001,10000,1000,0.99,tanh,0.0,51,random_no_suicide,True,17.400000000000002,19.1,,,,,,,,,,,,,,,,,,,18.25,,,,,,,,,,,,,,,,,,,,,,,,,,,,,,,,,,,,,,,,,,,,,,,,,,,,,,,,,,,,,,,,,,,,,,,,,,,,,,,,,,,,,,,,,,,,,,,,,,,,,,,,,,,,,,,,,,,,,,,,,,,,,,,,,,,,,,,,,,,,,,,,,,,,,,,,,,,,,,,,,,,,,,,,,,,,,,,,,,,,,,,
20211116155437,10,relu,0.01,256,128,64,32.0,0.001,10000,1000,0.99,tanh,0.0,51,,,,,,,,,,,,,,,,,,,,,,,,,,,,,,,,,,,,,,,,,,,,,,,,,,,,,,,,,,,,,,,,,,,,,,,,,,,,,,,,,,,,,,,,,,,,,,,,,,,,,,,,,,,,,,,,,,,,,,,,,,,,,,,,,,,,,,,,,,,,,,,,,,,,,,,,,,,,,,,,,,,,,,,,,,,,,,,,,,,,,,,,,,,,,,,,,,,,,,,,,,,,,,
20211116155654,10,relu,0.01,256,128,64,32.0,0.001,10000,1000,0.99,tanh,0.0,51,,,,,,,,,,,,,,,,,,,,,,,,,,,,,,,,,,,,,,,,,,,,,,,,,,,,,,,,,,,,,,,,,,,,,,,,,,,,,,,,,,,,,,,,,,,,,,,,,,,,,,,,,,,,,,,,,,,,,,,,,,,,,,,,,,,,,,,,,,,,,,,,,,,,,,,,,,,,,,,,,,,,,,,,,,,,,,,,,,,,,,,,,,,,,,,,,,,,,,,,,,,,,,
20211116155947,10,relu,0.01,256,128,64,32.0,0.001,10000,1000,0.99,tanh,0.0,51,,,,,,,,,,,,,,,,,,,,,,,,,,,,,,,,,,,,,,,,,,,,,,,,,,,,,,,,,,,,,,,,,,,,,,,,,,,,,,,,,,,,,,,,,,,,,,,,,,,,,,,,,,,,,,,,,,,,,,,,,,,,,,,,,,,,,,,,,,,,,,,,,,,,,,,,,,,,,,,,,,,,,,,,,,,,,,,,,,,,,,,,,,,,,,,,,,,,,,,,,,,,,,
20211116163527,10,relu,0.999,256,128,64,32.0,0.001,10000,1000,0.99,tanh,0.0,51,,,,,,,,,,,,,,,,,,,,,,,,,,,,,,,,,,,,,,,,,,,,,,,,,,,,,,,,,,,,,,,,,,,,,,,,,,,,,,,,,,,,,,,,,,,,,,,,,,,,,,,,,,,,,,,,,,,,,,,,,,,,,,,,,,,,,,,,,,,,,,,,,,,,,,,,,,,,,,,,,,,,,,,,,,,,,,,,,,,,,,,,,,,,,,,,,,,,,,,,,,,,,,
20211116174426,10,relu,0.99,256,128,64,32.0,0.001,10000,1000,0.99,tanh,0.0,51,,,,,,,,,,,,,,,,,,,,,,,,,,,,,,,,,,,,,,,,,,,,,,,,,,,,,,,,,,,,,,,,,,,,,,,,,,,,,,,,,,,,,,,,,,,,,,,,,,,,,,,,,,,,,,,,,,,,,,,,,,,,,,,,,,,,,,,,,,,,,,,,,,,,,,,,,,,,,,,,,,,,,,,,,,,,,,,,,,,,,,,,,,,,,,,,,,,,,,,,,,,,,,
20211116185659,10,relu,0.99,256,128,64,32.0,0.001,10000,1000,0.99,tanh,0.0,51,,,,,,,,,,,,,,,,,,,,,,,,,,,,,,,,,,,,,,,,,,,,,,,,,,,,,,,,,,,,,,,,,,,,,,,,,,,,,,,,,,,,,,,,,,,,,,,,,,,,,,,,,,,,,,,,,,,,,,,,,,,,,,,,,,,,,,,,,,,,,,,,,,,,,,,,,,,,,,,,,,,,,,,,,,,,,,,,,,,,,,,,,,,,,,,,,,,,,,,,,,,,,,
20211116201240,10,relu,0.999,256,128,64,32.0,0.001,10000,1000,0.99,tanh,0.0,51,,,,,,,,,,,,,,,,,,,,,,,,,,,,,,,,,,,,,,,,,,,,,,,,,,,,,,,,,,,,,,,,,,,,,,,,,,,,,,,,,,,,,,,,,,,,,,,,,,,,,,,,,,,,,,,,,,,,,,,,,,,,,,,,,,,,,,,,,,,,,,,,,,,,,,,,,,,,,,,,,,,,,,,,,,,,,,,,,,,,,,,,,,,,,,,,,,,,,,,,,,,,,,
20211116230623,10,relu,0.99,256,128,64,32.0,0.001,10000,1000,0.99,tanh,0.0,51,,,,,,,,,,,,,,,,,,,,,,,,,,,,,,,,,,,,,,,,,,,,,,,,,,,,,,,,,,,,,,,,,,,,,,,,,,,,,,,,,,,,,,,,,,,,,,,,,,,,,,,,,,,,,,,,,,,,,,,,,,,,,,,,,,,,,,,,,,,,,,,,,,,,,,,,,,,,,,,,,,,,,,,,,,,,,,,,,,,,,,,,,,,,,,,,,,,,,,,,,,,,,,
20211117010320,10,relu,0.99,256,128,64,32.0,0.001,10000,1000,0.99,tanh,0.0,51,,,,,,,,,,,,,,,,,,,,,,,,,,,,,,,,,,,,,,,,,,,,,,,,,,,,,,,,,,,,,,,,,,,,,,,,,,,,,,,,,,,,,,,,,,,,,,,,,,,,,,,,,,,,,,,,,,,,,,,,,,,,,,,,,,,,,,,,,,,,,,,,,,,,,,,,,,,,,,,,,,,,,,,,,,,,,,,,,,,,,,,,,,,,,,,,,,,,,,,,,,,,,,
20211117032323,10,relu,0.99,256,128,64,32.0,0.0001,10000,1000,0.99,tanh,0.0,51,,,,,,,,,,,,,,,,,,,,,,,,,,,,,,,,,,,,,,,,,,,,,,,,,,,,,,,,,,,,,,,,,,,,,,,,,,,,,,,,,,,,,,,,,,,,,,,,,,,,,,,,,,,,,,,,,,,,,,,,,,,,,,,,,,,,,,,,,,,,,,,,,,,,,,,,,,,,,,,,,,,,,,,,,,,,,,,,,,,,,,,,,,,,,,,,,,,,,,,,,,,,,,
20211117141352,10,relu,0.99,256,128,64,32.0,0.0001,10000,1000,0.99,tanh,0.0,51,,,,,,,,,,,,,,,,,,,,,,,,,,,,,,,,,,,,,,,,,,,,,,,,,,,,,,,,,,,,,,,,,,,,,,,,,,,,,,,,,,,,,,,,,,,,,,,,,,,,,,,,,,,,,,,,,,,,,,,,,,,,,,,,,,,,,,,,,,,,,,,,,,,,,,,,,,,,,,,,,,,,,,,,,,,,,,,,,,,,,,,,,,,,,,,,,,,,,,,,,,,,,,
20211117141418,10,relu,0.99,256,128,64,32.0,0.001,10000,1000,0.99,tanh,0.0,51,,,,,,,,,,,,,,,,,,,,,,,,,,,,,,,,,,,,,,,,,,,,,,,,,,,,,,,,,,,,,,,,,,,,,,,,,,,,,,,,,,,,,,,,,,,,,,,,,,,,,,,,,,,,,,,,,,,,,,,,,,,,,,,,,,,,,,,,,,,,,,,,,,,,,,,,,,,,,,,,,,,,,,,,,,,,,,,,,,,,,,,,,,,,,,,,,,,,,,,,,,,,,,
20211117145535,10,relu,0.99,256,128,64,32.0,0.001,10000,1000,0.99,tanh,0.0,51,,,,,,,,,,,,,,,,,,,,,,,,,,,,,,,,,,,,,,,,,,,,,,,,,,,,,,,,,,,,,,,,,,,,,,,,,,,,,,,,,,,,,,,,,,,,,,,,,,,,,,,,,,,,,,,,,,,,,,,,,,,,,,,,,,,,,,,,,,,,,,,,,,,,,,,,,,,,,,,,,,,,,,,,,,,,,,,,,,,,,,,,,,,,,,,,,,,,,,,,,,,,,,
20211117170218,10,relu,0.99,256,128,64,32.0,0.001,10000,1000,0.99,tanh,0.0,51,,,,,,,,,,,,,,,,,,,,,,,,,,,,,,,,,,,,,,,,,,,,,,,,,,,,,,,,,,,,,,,,,,,,,,,,,,,,,,,,,,,,,,,,,,,,,,,,,,,,,,,,,,,,,,,,,,,,,,,,,,,,,,,,,,,,,,,,,,,,,,,,,,,,,,,,,,,,,,,,,,,,,,,,,,,,,,,,,,,,,,,,,,,,,,,,,,,,,,,,,,,,,,
20211117192944,10,relu,0.99,256,128,64,32.0,0.001,10000,1000,0.99,tanh,0.0,51,,,,,,,,,,,,,,,,,,,,,,,,,,,,,,,,,,,,,,,,,,,,,,,,,,,,,,,,,,,,,,,,,,,,,,,,,,,,,,,,,,,,,,,,,,,,,,,,,,,,,,,,,,,,,,,,,,,,,,,,,,,,,,,,,,,,,,,,,,,,,,,,,,,,,,,,,,,,,,,,,,,,,,,,,,,,,,,,,,,,,,,,,,,,,,,,,,,,,,,,,,,,,,
20211117213346,10,relu,0.99,256,128,64,32.0,0.001,10000,1000,0.99,tanh,0.0,51,,,,,,,,,,,,,,,,,,,,,,,,,,,,,,,,,,,,,,,,,,,,,,,,,,,,,,,,,,,,,,,,,,,,,,,,,,,,,,,,,,,,,,,,,,,,,,,,,,,,,,,,,,,,,,,,,,,,,,,,,,,,,,,,,,,,,,,,,,,,,,,,,,,,,,,,,,,,,,,,,,,,,,,,,,,,,,,,,,,,,,,,,,,,,,,,,,,,,,,,,,,,,,
20211117215138,10,relu,0.99,256,128,64,32.0,0.001,10000,1000,0.01,tanh,0.0,51,,,,,,,,,,,,,,,,,,,,,,,,,,,,,,,,,,,,,,,,,,,,,,,,,,,,,,,,,,,,,,,,,,,,,,,,,,,,,,,,,,,,,,,,,,,,,,,,,,,,,,,,,,,,,,,,,,,,,,,,,,,,,,,,,,,,,,,,,,,,,,,,,,,,,,,,,,,,,,,,,,,,,,,,,,,,,,,,,,,,,,,,,,,,,,,,,,,,,,,,,,,,,,
20211117215202,10,relu,0.01,256,128,64,32.0,0.001,10000,1000,0.99,tanh,0.0,51,,,,,,,,,,,,,,,,,,,,,,,,,,,,,,,,,,,,,,,,,,,,,,,,,,,,,,,,,,,,,,,,,,,,,,,,,,,,,,,,,,,,,,,,,,,,,,,,,,,,,,,,,,,,,,,,,,,,,,,,,,,,,,,,,,,,,,,,,,,,,,,,,,,,,,,,,,,,,,,,,,,,,,,,,,,,,,,,,,,,,,,,,,,,,,,,,,,,,,,,,,,,,,
20211118002645,10,relu,0.99,256,128,64,32.0,0.001,10000,1000,0.99,tanh,0.0,51,,,,,,,,,,,,,,,,,,,,,,,,,,,,,,,,,,,,,,,,,,,,,,,,,,,,,,,,,,,,,,,,,,,,,,,,,,,,,,,,,,,,,,,,,,,,,,,,,,,,,,,,,,,,,,,,,,,,,,,,,,,,,,,,,,,,,,,,,,,,,,,,,,,,,,,,,,,,,,,,,,,,,,,,,,,,,,,,,,,,,,,,,,,,,,,,,,,,,,,,,,,,,,
20211118002941,10,relu,0.99,256,128,64,32.0,0.001,10000,1000,0.99,tanh,0.0,51,,,,,,,,,,,,,,,,,,,,,,,,,,,,,,,,,,,,,,,,,,,,,,,,,,,,,,,,,,,,,,,,,,,,,,,,,,,,,,,,,,,,,,,,,,,,,,,,,,,,,,,,,,,,,,,,,,,,,,,,,,,,,,,,,,,,,,,,,,,,,,,,,,,,,,,,,,,,,,,,,,,,,,,,,,,,,,,,,,,,,,,,,,,,,,,,,,,,,,,,,,,,,,
20211118003002,10,relu,0.99,256,128,64,32.0,0.001,10000,1000,0.99,tanh,0.0,51,,,,,,,,,,,,,,,,,,,,,,,,,,,,,,,,,,,,,,,,,,,,,,,,,,,,,,,,,,,,,,,,,,,,,,,,,,,,,,,,,,,,,,,,,,,,,,,,,,,,,,,,,,,,,,,,,,,,,,,,,,,,,,,,,,,,,,,,,,,,,,,,,,,,,,,,,,,,,,,,,,,,,,,,,,,,,,,,,,,,,,,,,,,,,,,,,,,,,,,,,,,,,,
20211118004058,10,relu,0.99,256,128,64,32.0,0.001,10000,1000,0.99,tanh,0.0,51,,,,,,,,,,,,,,,,,,,,,,,,,,,,,,,,,,,,,,,,,,,,,,,,,,,,,,,,,,,,,,,,,,,,,,,,,,,,,,,,,,,,,,,,,,,,,,,,,,,,,,,,,,,,,,,,,,,,,,,,,,,,,,,,,,,,,,,,,,,,,,,,,,,,,,,,,,,,,,,,,,,,,,,,,,,,,,,,,,,,,,,,,,,,,,,,,,,,,,,,,,,,,,
20211118171507,10,relu,0.99,256,128,64,32.0,0.001,10000,1000,0.99,tanh,0.0,51,,,,,,,,,,,,,,,,,,,,,,,,,,,,,,,,,,,,,,,,,,,,,,,,,,,,,,,,,,,,,,,,,,,,,,,,,,,,,,,,,,,,,,,,,,,,,,,,,,,,,,,,,,,,,,,,,,,,,,,,,,,,,,,,,,,,,,,,,,,,,,,,,,,,,,,,,,,,,,,,,,,,,,,,,,,,,,,,,,,,,,,,,,,,,,,,,,,,,,,,,,,,,,
20211118172229,10,relu,0.99,256,128,64,32.0,0.001,10000,1000,0.99,tanh,0.0,51,,,,,,,,,,,,,,,,,,,,,,,,,,,,,,,,,,,,,,,,,,,,,,,,,,,,,,,,,,,,,,,,,,,,,,,,,,,,,,,,,,,,,,,,,,,,,,,,,,,,,,,,,,,,,,,,,,,,,,,,,,,,,,,,,,,,,,,,,,,,,,,,,,,,,,,,,,,,,,,,,,,,,,,,,,,,,,,,,,,,,,,,,,,,,,,,,,,,,,,,,,,,,,
20211118172846,10,relu,0.99,256,128,64,32.0,0.001,10000,1000,0.99,tanh,0.0,51,,,,,,,,,,,,,,,,,,,,,,,,,,,,,,,,,,,,,,,,,,,,,,,,,,,,,,,,,,,,,,,,,,,,,,,,,,,,,,,,,,,,,,,,,,,,,,,,,,,,,,,,,,,,,,,,,,,,,,,,,,,,,,,,,,,,,,,,,,,,,,,,,,,,,,,,,,,,,,,,,,,,,,,,,,,,,,,,,,,,,,,,,,,,,,,,,,,,,,,,,,,,,,
20211118173446,10,relu,0.99,256,128,64,32.0,0.001,10000,1000,0.99,tanh,0.0,51,,,,,,,,,,,,,,,,,,,,,,,,,,,,,,,,,,,,,,,,,,,,,,,,,,,,,,,,,,,,,,,,,,,,,,,,,,,,,,,,,,,,,,,,,,,,,,,,,,,,,,,,,,,,,,,,,,,,,,,,,,,,,,,,,,,,,,,,,,,,,,,,,,,,,,,,,,,,,,,,,,,,,,,,,,,,,,,,,,,,,,,,,,,,,,,,,,,,,,,,,,,,,,
20211118174806,10,relu,0.99,256,128,64,32.0,0.001,10000,1000,0.99,tanh,0.0,51,,,,,,,,,,,,,,,,,,,,,,,,,,,,,,,,,,,,,,,,,,,,,,,,,,,,,,,,,,,,,,,,,,,,,,,,,,,,,,,,,,,,,,,,,,,,,,,,,,,,,,,,,,,,,,,,,,,,,,,,,,,,,,,,,,,,,,,,,,,,,,,,,,,,,,,,,,,,,,,,,,,,,,,,,,,,,,,,,,,,,,,,,,,,,,,,,,,,,,,,,,,,,,
20211118191425,10,relu,0.99,256,128,64,32.0,0.001,10000,1000,0.99,tanh,0.0,51,Simple,True,-44.2,-41.1,-39.0,-36.8,-29.8,-29.000000000000004,-26.099999999999998,-26.799999999999997,-20.0,-25.300000000000004,-23.599999999999998,-23.9,-23.200000000000003,-19.5,-25.6,-23.0,-23.800000000000004,-21.599999999999998,-21.6,-24.799999999999997,-23.88625,,,,-22.199999999999996,-21.499999999999996,-19.299999999999997,-30.200000000000003,-23.4,-21.299999999999997,-25.400000000000002,-23.900000000000002,-23.599999999999998,-20.0,-19.799999999999997,-18.000000000000004,-22.2,-27.5,-25.8,-22.1,-24.3,-19.800000000000004,-27.1,-22.9,-20.200000000000003,-20.900000000000002,-23.6,-17.799999999999997,-21.799999999999997,-21.3,-20.4,-23.400000000000002,-20.099999999999998,-30.4,-23.099999999999998,-22.3,-20.199999999999996,-26.4,-20.800000000000004,-19.8,-23.299999999999997,-21.9,-21.799999999999997,-22.9,-23.0,-24.199999999999996,-21.700000000000003,-21.999999999999996,-24.5,-25.500000000000004,-21.700000000000003,-20.099999999999998,-22.799999999999997,-23.800000000000004,-24.800000000000004,-20.3,-19.7,-26.099999999999998,-30.200000000000003,-22.8,-21.5,-20.300000000000004,-17.799999999999997,-26.700000000000003,,,,,,,,,,,,,,,,,,,,,,,,,,,,,,,,,,,,,,,,,,,,,,,,,,,,,,,,,,,,,,,,,,,,,,,,,,,,,,,,,,,,,,,,,,,,,,,,,,,,,,,,,,,,,,,,,,,,,,,,
20211118214449,10,relu,0.99,256,128,64,32.0,0.001,10000,1000,0.99,tanh,0.0,51,,,,,,,,,,,,,,,,,,,,,,,,,,,,,,,,,,,,,,,,,,,,,,,,,,,,,,,,,,,,,,,,,,,,,,,,,,,,,,,,,,,,,,,,,,,,,,,,,,,,,,,,,,,,,,,,,,,,,,,,,,,,,,,,,,,,,,,,,,,,,,,,,,,,,,,,,,,,,,,,,,,,,,,,,,,,,,,,,,,,,,,,,,,,,,,,,,,,,,,,,,,,,,
20211118232429,10,relu,0.99,256,128,64,32.0,0.001,10000,1000,0.99,tanh,0.0,51,Simple,True,-44.1,-41.300000000000004,-36.5,-35.6,-27.299999999999997,-25.199999999999996,-26.7,-22.599999999999998,-19.500000000000004,-25.3,-33.400000000000006,-21.7,-22.200000000000003,-25.699999999999996,-19.7,-26.3,-22.300000000000004,-24.0,-22.999999999999996,-20.400000000000002,-25.51,,,,-22.099999999999998,-22.699999999999996,-25.4,-20.299999999999997,-23.400000000000002,-23.5,-28.799999999999997,-25.700000000000003,-26.099999999999998,-24.5,-27.5,-23.200000000000003,-26.299999999999997,-22.599999999999998,-28.4,-24.800000000000004,-22.000000000000004,-22.6,-21.699999999999996,-21.2,-26.5,-27.2,-25.299999999999997,-26.700000000000003,-25.9,-26.299999999999997,-27.200000000000003,-27.4,-26.6,-25.000000000000004,-26.0,-26.299999999999997,-26.099999999999998,-24.599999999999998,-26.500000000000004,-27.900000000000002,-27.9,-27.4,-23.8,-25.6,-29.799999999999997,-27.9,-26.400000000000002,-25.799999999999997,-26.9,-22.9,-26.400000000000002,-26.7,-26.8,-20.5,-23.6,-20.099999999999998,-24.9,-19.699999999999996,-21.800000000000004,-22.200000000000003,-24.099999999999998,-27.799999999999997,-22.6,-22.099999999999998,,,,,,,,,,,,,,,,,,,,,,,,,,,,,,,,,,,,,,,,,,,,,,,,,,,,,,,,,,,,,,,,,,,,,,,,,,,,,,,,,,,,,,,,,,,,,,,,,,,,,,,,,,,,,,,,,,,,,,,,
20211119181445,10,relu,0.99,256,128,64,32.0,0.001,10000,1000,0.99,tanh,0.0,51,,,,,,,,,,,,,,,,,,,,,,,,,,,,,,,,,,,,,,,,,,,,,,,,,,,,,,,,,,,,,,,,,,,,,,,,,,,,,,,,,,,,,,,,,,,,,,,,,,,,,,,,,,,,,,,,,,,,,,,,,,,,,,,,,,,,,,,,,,,,,,,,,,,,,,,,,,,,,,,,,,,,,,,,,,,,,,,,,,,,,,,,,,,,,,,,,,,,,,,,,,,,,,
20211119181509,10,relu,0.99,256,128,64,32.0,0.001,10000,1000,0.99,tanh,0.0,51,,,,,,,,,,,,,,,,,,,,,,,,,,,,,,,,,,,,,,,,,,,,,,,,,,,,,,,,,,,,,,,,,,,,,,,,,,,,,,,,,,,,,,,,,,,,,,,,,,,,,,,,,,,,,,,,,,,,,,,,,,,,,,,,,,,,,,,,,,,,,,,,,,,,,,,,,,,,,,,,,,,,,,,,,,,,,,,,,,,,,,,,,,,,,,,,,,,,,,,,,,,,,,
20211119181537,10,relu,0.99,256,128,64,32.0,0.001,10000,1000,0.99,tanh,0.0,51,,,,,,,,,,,,,,,,,,,,,,,,,,,,,,,,,,,,,,,,,,,,,,,,,,,,,,,,,,,,,,,,,,,,,,,,,,,,,,,,,,,,,,,,,,,,,,,,,,,,,,,,,,,,,,,,,,,,,,,,,,,,,,,,,,,,,,,,,,,,,,,,,,,,,,,,,,,,,,,,,,,,,,,,,,,,,,,,,,,,,,,,,,,,,,,,,,,,,,,,,,,,,,
20211119181647,10,relu,0.99,256,128,64,32.0,0.001,10000,1000,0.99,tanh,0.0,51,,,,,,,,,,,,,,,,,,,,,,,,,,,,,,,,,,,,,,,,,,,,,,,,,,,,,,,,,,,,,,,,,,,,,,,,,,,,,,,,,,,,,,,,,,,,,,,,,,,,,,,,,,,,,,,,,,,,,,,,,,,,,,,,,,,,,,,,,,,,,,,,,,,,,,,,,,,,,,,,,,,,,,,,,,,,,,,,,,,,,,,,,,,,,,,,,,,,,,,,,,,,,,
20211119181751,10,relu,0.99,256,128,64,32.0,0.001,10000,1000,0.99,tanh,0.0,51,,,,,,,,,,,,,,,,,,,,,,,,,,,,,,,,,,,,,,,,,,,,,,,,,,,,,,,,,,,,,,,,,,,,,,,,,,,,,,,,,,,,,,,,,,,,,,,,,,,,,,,,,,,,,,,,,,,,,,,,,,,,,,,,,,,,,,,,,,,,,,,,,,,,,,,,,,,,,,,,,,,,,,,,,,,,,,,,,,,,,,,,,,,,,,,,,,,,,,,,,,,,,,
20211119181913,10,relu,0.99,256,128,64,32.0,0.001,10000,1000,0.99,tanh,0.0,51,,,,,,,,,,,,,,,,,,,,,,,,,,,,,,,,,,,,,,,,,,,,,,,,,,,,,,,,,,,,,,,,,,,,,,,,,,,,,,,,,,,,,,,,,,,,,,,,,,,,,,,,,,,,,,,,,,,,,,,,,,,,,,,,,,,,,,,,,,,,,,,,,,,,,,,,,,,,,,,,,,,,,,,,,,,,,,,,,,,,,,,,,,,,,,,,,,,,,,,,,,,,,,
20211119182009,10,relu,0.99,256,128,64,32.0,0.001,10000,1000,0.99,tanh,0.0,51,,,,,,,,,,,,,,,,,,,,,,,,,,,,,,,,,,,,,,,,,,,,,,,,,,,,,,,,,,,,,,,,,,,,,,,,,,,,,,,,,,,,,,,,,,,,,,,,,,,,,,,,,,,,,,,,,,,,,,,,,,,,,,,,,,,,,,,,,,,,,,,,,,,,,,,,,,,,,,,,,,,,,,,,,,,,,,,,,,,,,,,,,,,,,,,,,,,,,,,,,,,,,,
20211119182122,10,relu,0.99,256,128,64,32.0,0.001,10000,1000,0.99,tanh,0.0,51,,,,,,,,,,,,,,,,,,,,,,,,,,,,,,,,,,,,,,,,,,,,,,,,,,,,,,,,,,,,,,,,,,,,,,,,,,,,,,,,,,,,,,,,,,,,,,,,,,,,,,,,,,,,,,,,,,,,,,,,,,,,,,,,,,,,,,,,,,,,,,,,,,,,,,,,,,,,,,,,,,,,,,,,,,,,,,,,,,,,,,,,,,,,,,,,,,,,,,,,,,,,,,
20211119182215,10,relu,0.99,256,128,64,32.0,0.001,10000,1000,0.99,tanh,0.0,51,,,,,,,,,,,,,,,,,,,,,,,,,,,,,,,,,,,,,,,,,,,,,,,,,,,,,,,,,,,,,,,,,,,,,,,,,,,,,,,,,,,,,,,,,,,,,,,,,,,,,,,,,,,,,,,,,,,,,,,,,,,,,,,,,,,,,,,,,,,,,,,,,,,,,,,,,,,,,,,,,,,,,,,,,,,,,,,,,,,,,,,,,,,,,,,,,,,,,,,,,,,,,,
20211119182429,10,relu,0.99,256,128,64,32.0,0.001,10000,1000,0.99,tanh,0.0,51,,,,,,,,,,,,,,,,,,,,,,,,,,,,,,,,,,,,,,,,,,,,,,,,,,,,,,,,,,,,,,,,,,,,,,,,,,,,,,,,,,,,,,,,,,,,,,,,,,,,,,,,,,,,,,,,,,,,,,,,,,,,,,,,,,,,,,,,,,,,,,,,,,,,,,,,,,,,,,,,,,,,,,,,,,,,,,,,,,,,,,,,,,,,,,,,,,,,,,,,,,,,,,
20211119182831,10,relu,0.99,256,128,64,32.0,0.001,10000,1000,0.99,tanh,0.0,51,,,,,,,,,,,,,,,,,,,,,,,,,,,,,,,,,,,,,,,,,,,,,,,,,,,,,,,,,,,,,,,,,,,,,,,,,,,,,,,,,,,,,,,,,,,,,,,,,,,,,,,,,,,,,,,,,,,,,,,,,,,,,,,,,,,,,,,,,,,,,,,,,,,,,,,,,,,,,,,,,,,,,,,,,,,,,,,,,,,,,,,,,,,,,,,,,,,,,,,,,,,,,,
20211119182857,10,relu,0.99,256,128,64,32.0,0.001,10000,1000,0.99,tanh,0.0,51,,,,,,,,,,,,,,,,,,,,,,,,,,,,,,,,,,,,,,,,,,,,,,,,,,,,,,,,,,,,,,,,,,,,,,,,,,,,,,,,,,,,,,,,,,,,,,,,,,,,,,,,,,,,,,,,,,,,,,,,,,,,,,,,,,,,,,,,,,,,,,,,,,,,,,,,,,,,,,,,,,,,,,,,,,,,,,,,,,,,,,,,,,,,,,,,,,,,,,,,,,,,,,
20211119183003,10,relu,0.99,256,128,64,32.0,0.001,10000,1000,0.99,tanh,0.0,51,,,,,,,,,,,,,,,,,,,,,,,,,,,,,,,,,,,,,,,,,,,,,,,,,,,,,,,,,,,,,,,,,,,,,,,,,,,,,,,,,,,,,,,,,,,,,,,,,,,,,,,,,,,,,,,,,,,,,,,,,,,,,,,,,,,,,,,,,,,,,,,,,,,,,,,,,,,,,,,,,,,,,,,,,,,,,,,,,,,,,,,,,,,,,,,,,,,,,,,,,,,,,,
20211119194600,10,relu,0.99,256,128,64,32.0,0.001,10000,1000,0.99,tanh,0.0,7,,,,,,,,,,,,,,,,,,,,,,,,,,,,,,,,,,,,,,,,,,,,,,,,,,,,,,,,,,,,,,,,,,,,,,,,,,,,,,,,,,,,,,,,,,,,,,,,,,,,,,,,,,,,,,,,,,,,,,,,,,,,,,,,,,,,,,,,,,,,,,,,,,,,,,,,,,,,,,,,,,,,,,,,,,,,,,,,,,,,,,,,,,,,,,,,,,,,,,,,,,,,,,
20211119194624,10,relu,0.99,256,128,64,32.0,0.001,10000,1000,0.99,tanh,0.0,7,,,,,,,,,,,,,,,,,,,,,,,,,,,,,,,,,,,,,,,,,,,,,,,,,,,,,,,,,,,,,,,,,,,,,,,,,,,,,,,,,,,,,,,,,,,,,,,,,,,,,,,,,,,,,,,,,,,,,,,,,,,,,,,,,,,,,,,,,,,,,,,,,,,,,,,,,,,,,,,,,,,,,,,,,,,,,,,,,,,,,,,,,,,,,,,,,,,,,,,,,,,,,,
20211119194652,10,relu,0.99,256,128,64,32.0,0.001,10000,1000,0.99,tanh,0.0,7,,,,,,,,,,,,,,,,,,,,,,,,,,,,,,,,,,,,,,,,,,,,,,,,,,,,,,,,,,,,,,,,,,,,,,,,,,,,,,,,,,,,,,,,,,,,,,,,,,,,,,,,,,,,,,,,,,,,,,,,,,,,,,,,,,,,,,,,,,,,,,,,,,,,,,,,,,,,,,,,,,,,,,,,,,,,,,,,,,,,,,,,,,,,,,,,,,,,,,,,,,,,,,
20211119194755,10,relu,0.99,256,128,64,32.0,0.001,10000,1000,0.99,tanh,0.0,7,,,,,,,,,,,,,,,,,,,,,,,,,,,,,,,,,,,,,,,,,,,,,,,,,,,,,,,,,,,,,,,,,,,,,,,,,,,,,,,,,,,,,,,,,,,,,,,,,,,,,,,,,,,,,,,,,,,,,,,,,,,,,,,,,,,,,,,,,,,,,,,,,,,,,,,,,,,,,,,,,,,,,,,,,,,,,,,,,,,,,,,,,,,,,,,,,,,,,,,,,,,,,,
20211119194839,10,relu,0.99,256,128,64,32.0,0.001,10000,1000,0.99,tanh,0.0,7,,,,,,,,,,,,,,,,,,,,,,,,,,,,,,,,,,,,,,,,,,,,,,,,,,,,,,,,,,,,,,,,,,,,,,,,,,,,,,,,,,,,,,,,,,,,,,,,,,,,,,,,,,,,,,,,,,,,,,,,,,,,,,,,,,,,,,,,,,,,,,,,,,,,,,,,,,,,,,,,,,,,,,,,,,,,,,,,,,,,,,,,,,,,,,,,,,,,,,,,,,,,,,
20211119194909,10,relu,0.99,256,128,64,32.0,0.001,10000,1000,0.99,tanh,0.0,7,,,,,,,,,,,,,,,,,,,,,,,,,,,,,,,,,,,,,,,,,,,,,,,,,,,,,,,,,,,,,,,,,,,,,,,,,,,,,,,,,,,,,,,,,,,,,,,,,,,,,,,,,,,,,,,,,,,,,,,,,,,,,,,,,,,,,,,,,,,,,,,,,,,,,,,,,,,,,,,,,,,,,,,,,,,,,,,,,,,,,,,,,,,,,,,,,,,,,,,,,,,,,,
20211119200609,10,relu,0.99,256,128,64,32.0,0.001,10000,1000,0.99,tanh,0.0,7,,,,,,,,,,,,,,,,,,,,,,,,,,,,,,,,,,,,,,,,,,,,,,,,,,,,,,,,,,,,,,,,,,,,,,,,,,,,,,,,,,,,,,,,,,,,,,,,,,,,,,,,,,,,,,,,,,,,,,,,,,,,,,,,,,,,,,,,,,,,,,,,,,,,,,,,,,,,,,,,,,,,,,,,,,,,,,,,,,,,,,,,,,,,,,,,,,,,,,,,,,,,,,
20211119200746,10,relu,0.99,256,128,64,32.0,0.001,10000,1000,0.99,tanh,0.0,7,,,,,,,,,,,,,,,,,,,,,,,,,,,,,,,,,,,,,,,,,,,,,,,,,,,,,,,,,,,,,,,,,,,,,,,,,,,,,,,,,,,,,,,,,,,,,,,,,,,,,,,,,,,,,,,,,,,,,,,,,,,,,,,,,,,,,,,,,,,,,,,,,,,,,,,,,,,,,,,,,,,,,,,,,,,,,,,,,,,,,,,,,,,,,,,,,,,,,,,,,,,,,,
20211119201011,10,relu,0.99,256,128,64,32.0,0.001,10000,1000,0.99,tanh,0.0,7,,,,,,,,,,,,,,,,,,,,,,,,,,,,,,,,,,,,,,,,,,,,,,,,,,,,,,,,,,,,,,,,,,,,,,,,,,,,,,,,,,,,,,,,,,,,,,,,,,,,,,,,,,,,,,,,,,,,,,,,,,,,,,,,,,,,,,,,,,,,,,,,,,,,,,,,,,,,,,,,,,,,,,,,,,,,,,,,,,,,,,,,,,,,,,,,,,,,,,,,,,,,,,
20211119201140,7,relu,0.99,256,128,64,32.0,0.001,10000,1000,0.99,tanh,0.0,7,,,,,,,,,,,,,,,,,,,,,,,,,,,,,,,,,,,,,,,,,,,,,,,,,,,,,,,,,,,,,,,,,,,,,,,,,,,,,,,,,,,,,,,,,,,,,,,,,,,,,,,,,,,,,,,,,,,,,,,,,,,,,,,,,,,,,,,,,,,,,,,,,,,,,,,,,,,,,,,,,,,,,,,,,,,,,,,,,,,,,,,,,,,,,,,,,,,,,,,,,,,,,,
20211119224912,7,relu,0.99,256,128,64,32.0,0.001,10000,1000,0.99,tanh,0.0,7,,,,,,,,,,,,,,,,,,,,,,,,,,,,,,,,,,,,,,,,,,,,,,,,,,,,,,,,,,,,,,,,,,,,,,,,,,,,,,,,,,,,,,,,,,,,,,,,,,,,,,,,,,,,,,,,,,,,,,,,,,,,,,,,,,,,,,,,,,,,,,,,,,,,,,,,,,,,,,,,,,,,,,,,,,,,,,,,,,,,,,,,,,,,,,,,,,,,,,,,,,,,,,
20211120012707,7,relu,0.99,256,128,64,32.0,0.001,10000,1000,0.99,tanh,0.0,7,Simple,True,-44.7,-38.6,-34.6,-27.699999999999996,-20.5,-18.200000000000003,-15.200000000000001,-15.1,-10.299999999999999,-12.1,-10.4,-12.2,-10.6,-12.7,-13.2,-13.7,-5.1,-14.299999999999999,-14.599999999999998,-12.9,-12.713750000000001,,,,-7.799999999999999,-10.799999999999999,-10.900000000000002,-12.399999999999999,-13.3,-12.700000000000001,-12.499999999999998,-10.9,-2.6999999999999993,-2.5,-10.5,-4.4,-13.7,-10.299999999999999,-11.4,-10.299999999999999,-10.4,-11.799999999999999,-11.200000000000001,-9.799999999999999,-2.0999999999999996,-11.5,-11.099999999999998,-11.3,-11.899999999999999,-11.700000000000001,-13.100000000000001,-15.100000000000001,-6.4,-11.7,-13.8,-10.600000000000001,-12.700000000000001,-13.8,-13.100000000000001,-14.4,-11.0,-11.3,-11.500000000000002,-11.899999999999999,-12.000000000000002,-12.200000000000001,-11.7,-15.799999999999999,-10.8,-11.8,-10.5,-11.900000000000002,-10.0,-10.100000000000001,-11.1,-8.899999999999999,-12.0,-11.099999999999998,-10.8,-12.5,-10.600000000000001,-12.399999999999999,-10.399999999999999,-13.5,,,,,,,,,,,,,,,,,,,,,,,,,,,,,,,,,,,,,,,,,,,,,,,,,,,,,,,,,,,,,,,,,,,,,,,,,,,,,,,,,,,,,,,,,,,,,,,,,,,,,,,,,,,,,,,,,,,,,,,,
20211120154202,7,relu,0.99,256,128,64,32.0,0.001,10000,1000,0.99,tanh,0.0,7,,,,,,,,,,,,,,,,,,,,,,,,,,,,,,,,,,,,,,,,,,,,,,,,,,,,,,,,,,,,,,,,,,,,,,,,,,,,,,,,,,,,,,,,,,,,,,,,,,,,,,,,,,,,,,,,,,,,,,,,,,,,,,,,,,,,,,,,,,,,,,,,,,,,,,,,,,,,,,,,,,,,,,,,,,,,,,,,,,,,,,,,,,,,,,,,,,,,,,,,,,,,,,
20211120171917,7,relu,0.99,256,128,64,32.0,0.001,10000,1000,0.99,tanh,0.0,7,,,,,,,,,,,,,,,,,,,,,,,,,,,,,,,,,,,,,,,,,,,,,,,,,,,,,,,,,,,,,,,,,,,,,,,,,,,,,,,,,,,,,,,,,,,,,,,,,,,,,,,,,,,,,,,,,,,,,,,,,,,,,,,,,,,,,,,,,,,,,,,,,,,,,,,,,,,,,,,,,,,,,,,,,,,,,,,,,,,,,,,,,,,,,,,,,,,,,,,,,,,,,,
20211120174742,7,relu,0.99,256,128,64,32.0,0.001,10000,1000,0.99,tanh,0.0,11,,,,,,,,,,,,,,,,,,,,,,,,,,,,,,,,,,,,,,,,,,,,,,,,,,,,,,,,,,,,,,,,,,,,,,,,,,,,,,,,,,,,,,,,,,,,,,,,,,,,,,,,,,,,,,,,,,,,,,,,,,,,,,,,,,,,,,,,,,,,,,,,,,,,,,,,,,,,,,,,,,,,,,,,,,,,,,,,,,,,,,,,,,,,,,,,,,,,,,,,,,,,,,
20211120174824,7,relu,0.99,256,128,64,32.0,0.001,10000,1000,0.99,tanh,0.0,11,,,,,,,,,,,,,,,,,,,,,,,,,,,,,,,,,,,,,,,,,,,,,,,,,,,,,,,,,,,,,,,,,,,,,,,,,,,,,,,,,,,,,,,,,,,,,,,,,,,,,,,,,,,,,,,,,,,,,,,,,,,,,,,,,,,,,,,,,,,,,,,,,,,,,,,,,,,,,,,,,,,,,,,,,,,,,,,,,,,,,,,,,,,,,,,,,,,,,,,,,,,,,,
20211120194424,7,relu,0.99,256,128,64,32.0,0.001,10000,1000,0.99,tanh,0.0,11,,,,,,,,,,,,,,,,,,,,,,,,,,,,,,,,,,,,,,,,,,,,,,,,,,,,,,,,,,,,,,,,,,,,,,,,,,,,,,,,,,,,,,,,,,,,,,,,,,,,,,,,,,,,,,,,,,,,,,,,,,,,,,,,,,,,,,,,,,,,,,,,,,,,,,,,,,,,,,,,,,,,,,,,,,,,,,,,,,,,,,,,,,,,,,,,,,,,,,,,,,,,,,
20211120194602,7,relu,0.99,256,128,64,32.0,0.001,10000,1000,0.99,tanh,0.0,11,,,,,,,,,,,,,,,,,,,,,,,,,,,,,,,,,,,,,,,,,,,,,,,,,,,,,,,,,,,,,,,,,,,,,,,,,,,,,,,,,,,,,,,,,,,,,,,,,,,,,,,,,,,,,,,,,,,,,,,,,,,,,,,,,,,,,,,,,,,,,,,,,,,,,,,,,,,,,,,,,,,,,,,,,,,,,,,,,,,,,,,,,,,,,,,,,,,,,,,,,,,,,,
20211120194732,7,relu,0.99,256,128,64,32.0,0.001,10000,1000,0.99,tanh,0.0,11,,,,,,,,,,,,,,,,,,,,,,,,,,,,,,,,,,,,,,,,,,,,,,,,,,,,,,,,,,,,,,,,,,,,,,,,,,,,,,,,,,,,,,,,,,,,,,,,,,,,,,,,,,,,,,,,,,,,,,,,,,,,,,,,,,,,,,,,,,,,,,,,,,,,,,,,,,,,,,,,,,,,,,,,,,,,,,,,,,,,,,,,,,,,,,,,,,,,,,,,,,,,,,
20211120194815,7,relu,0.99,256,128,64,32.0,0.001,10000,1000,0.99,tanh,0.0,11,,,,,,,,,,,,,,,,,,,,,,,,,,,,,,,,,,,,,,,,,,,,,,,,,,,,,,,,,,,,,,,,,,,,,,,,,,,,,,,,,,,,,,,,,,,,,,,,,,,,,,,,,,,,,,,,,,,,,,,,,,,,,,,,,,,,,,,,,,,,,,,,,,,,,,,,,,,,,,,,,,,,,,,,,,,,,,,,,,,,,,,,,,,,,,,,,,,,,,,,,,,,,,
20211120195923,7,relu,0.999,256,128,64,32.0,0.001,10000,1000,0.99,tanh,0.0,15,,,,,,,,,,,,,,,,,,,,,,,,,,,,,,,,,,,,,,,,,,,,,,,,,,,,,,,,,,,,,,,,,,,,,,,,,,,,,,,,,,,,,,,,,,,,,,,,,,,,,,,,,,,,,,,,,,,,,,,,,,,,,,,,,,,,,,,,,,,,,,,,,,,,,,,,,,,,,,,,,,,,,,,,,,,,,,,,,,,,,,,,,,,,,,,,,,,,,,,,,,,,,,
20211120215527,7,relu,0.999,256,128,64,32.0,0.001,10000,1000,0.99,tanh,0.0,15,,,,,,,,,,,,,,,,,,,,,,,,,,,,,,,,,,,,,,,,,,,,,,,,,,,,,,,,,,,,,,,,,,,,,,,,,,,,,,,,,,,,,,,,,,,,,,,,,,,,,,,,,,,,,,,,,,,,,,,,,,,,,,,,,,,,,,,,,,,,,,,,,,,,,,,,,,,,,,,,,,,,,,,,,,,,,,,,,,,,,,,,,,,,,,,,,,,,,,,,,,,,,,
20211120234955,7,relu,0.999,256,128,64,32.0,0.001,10000,1000,0.99,tanh,0.0,15,,,,,,,,,,,,,,,,,,,,,,,,,,,,,,,,,,,,,,,,,,,,,,,,,,,,,,,,,,,,,,,,,,,,,,,,,,,,,,,,,,,,,,,,,,,,,,,,,,,,,,,,,,,,,,,,,,,,,,,,,,,,,,,,,,,,,,,,,,,,,,,,,,,,,,,,,,,,,,,,,,,,,,,,,,,,,,,,,,,,,,,,,,,,,,,,,,,,,,,,,,,,,,
20211120235006,7,relu,0.99,256,128,64,32.0,0.001,10000,1000,0.99,tanh,0.0,15,,,,,,,,,,,,,,,,,,,,,,,,,,,,,,,,,,,,,,,,,,,,,,,,,,,,,,,,,,,,,,,,,,,,,,,,,,,,,,,,,,,,,,,,,,,,,,,,,,,,,,,,,,,,,,,,,,,,,,,,,,,,,,,,,,,,,,,,,,,,,,,,,,,,,,,,,,,,,,,,,,,,,,,,,,,,,,,,,,,,,,,,,,,,,,,,,,,,,,,,,,,,,,
20211121000943,7,relu,0.99,256,128,64,32.0,0.001,10000,1000,0.99,tanh,0.0,15,,,,,,,,,,,,,,,,,,,,,,,,,,,,,,,,,,,,,,,,,,,,,,,,,,,,,,,,,,,,,,,,,,,,,,,,,,,,,,,,,,,,,,,,,,,,,,,,,,,,,,,,,,,,,,,,,,,,,,,,,,,,,,,,,,,,,,,,,,,,,,,,,,,,,,,,,,,,,,,,,,,,,,,,,,,,,,,,,,,,,,,,,,,,,,,,,,,,,,,,,,,,,,
20211121001539,7,relu,0.99,256,128,64,32.0,0.001,10000,1000,0.99,tanh,0.0,15,,,,,,,,,,,,,,,,,,,,,,,,,,,,,,,,,,,,,,,,,,,,,,,,,,,,,,,,,,,,,,,,,,,,,,,,,,,,,,,,,,,,,,,,,,,,,,,,,,,,,,,,,,,,,,,,,,,,,,,,,,,,,,,,,,,,,,,,,,,,,,,,,,,,,,,,,,,,,,,,,,,,,,,,,,,,,,,,,,,,,,,,,,,,,,,,,,,,,,,,,,,,,,
20211121001638,7,relu,0.99,256,128,64,32.0,0.001,10000,1000,0.99,tanh,0.0,15,,,,,,,,,,,,,,,,,,,,,,,,,,,,,,,,,,,,,,,,,,,,,,,,,,,,,,,,,,,,,,,,,,,,,,,,,,,,,,,,,,,,,,,,,,,,,,,,,,,,,,,,,,,,,,,,,,,,,,,,,,,,,,,,,,,,,,,,,,,,,,,,,,,,,,,,,,,,,,,,,,,,,,,,,,,,,,,,,,,,,,,,,,,,,,,,,,,,,,,,,,,,,,
20211121010101,7,relu,0.99,256,128,64,32.0,0.001,10000,1000,0.99,tanh,0.0,19,,,,,,,,,,,,,,,,,,,,,,,,,,,,,,,,,,,,,,,,,,,,,,,,,,,,,,,,,,,,,,,,,,,,,,,,,,,,,,,,,,,,,,,,,,,,,,,,,,,,,,,,,,,,,,,,,,,,,,,,,,,,,,,,,,,,,,,,,,,,,,,,,,,,,,,,,,,,,,,,,,,,,,,,,,,,,,,,,,,,,,,,,,,,,,,,,,,,,,,,,,,,,,
20211121010352,10,relu,0.99,256,128,64,32.0,0.001,10000,1000,0.99,tanh,0.0,19,,,,,,,,,,,,,,,,,,,,,,,,,,,,,,,,,,,,,,,,,,,,,,,,,,,,,,,,,,,,,,,,,,,,,,,,,,,,,,,,,,,,,,,,,,,,,,,,,,,,,,,,,,,,,,,,,,,,,,,,,,,,,,,,,,,,,,,,,,,,,,,,,,,,,,,,,,,,,,,,,,,,,,,,,,,,,,,,,,,,,,,,,,,,,,,,,,,,,,,,,,,,,,
20211121010730,10,relu,0.99,256,128,64,32.0,0.001,10000,1000,0.99,tanh,0.0,19,,,,,,,,,,,,,,,,,,,,,,,,,,,,,,,,,,,,,,,,,,,,,,,,,,,,,,,,,,,,,,,,,,,,,,,,,,,,,,,,,,,,,,,,,,,,,,,,,,,,,,,,,,,,,,,,,,,,,,,,,,,,,,,,,,,,,,,,,,,,,,,,,,,,,,,,,,,,,,,,,,,,,,,,,,,,,,,,,,,,,,,,,,,,,,,,,,,,,,,,,,,,,,
20211121010802,10,relu,0.99,256,128,64,32.0,0.001,10000,1000,0.99,tanh,0.0,19,,,,,,,,,,,,,,,,,,,,,,,,,,,,,,,,,,,,,,,,,,,,,,,,,,,,,,,,,,,,,,,,,,,,,,,,,,,,,,,,,,,,,,,,,,,,,,,,,,,,,,,,,,,,,,,,,,,,,,,,,,,,,,,,,,,,,,,,,,,,,,,,,,,,,,,,,,,,,,,,,,,,,,,,,,,,,,,,,,,,,,,,,,,,,,,,,,,,,,,,,,,,,,
20211121010824,10,relu,0.99,256,128,64,32.0,0.001,10000,1000,0.99,tanh,0.0,19,,,,,,,,,,,,,,,,,,,,,,,,,,,,,,,,,,,,,,,,,,,,,,,,,,,,,,,,,,,,,,,,,,,,,,,,,,,,,,,,,,,,,,,,,,,,,,,,,,,,,,,,,,,,,,,,,,,,,,,,,,,,,,,,,,,,,,,,,,,,,,,,,,,,,,,,,,,,,,,,,,,,,,,,,,,,,,,,,,,,,,,,,,,,,,,,,,,,,,,,,,,,,,
20211121013735,10,relu,0.99,256,128,64,32.0,0.001,10000,1000,0.99,tanh,0.0,19,,,,,,,,,,,,,,,,,,,,,,,,,,,,,,,,,,,,,,,,,,,,,,,,,,,,,,,,,,,,,,,,,,,,,,,,,,,,,,,,,,,,,,,,,,,,,,,,,,,,,,,,,,,,,,,,,,,,,,,,,,,,,,,,,,,,,,,,,,,,,,,,,,,,,,,,,,,,,,,,,,,,,,,,,,,,,,,,,,,,,,,,,,,,,,,,,,,,,,,,,,,,,,
20211121013758,10,relu,0.99,256,128,64,32.0,0.001,10000,1000,0.99,tanh,0.0,19,,,,,,,,,,,,,,,,,,,,,,,,,,,,,,,,,,,,,,,,,,,,,,,,,,,,,,,,,,,,,,,,,,,,,,,,,,,,,,,,,,,,,,,,,,,,,,,,,,,,,,,,,,,,,,,,,,,,,,,,,,,,,,,,,,,,,,,,,,,,,,,,,,,,,,,,,,,,,,,,,,,,,,,,,,,,,,,,,,,,,,,,,,,,,,,,,,,,,,,,,,,,,,
20211121041615,10,relu,0.99,256,128,64,32.0,0.001,10000,1000,0.99,tanh,0.0,19,,,,,,,,,,,,,,,,,,,,,,,,,,,,,,,,,,,,,,,,,,,,,,,,,,,,,,,,,,,,,,,,,,,,,,,,,,,,,,,,,,,,,,,,,,,,,,,,,,,,,,,,,,,,,,,,,,,,,,,,,,,,,,,,,,,,,,,,,,,,,,,,,,,,,,,,,,,,,,,,,,,,,,,,,,,,,,,,,,,,,,,,,,,,,,,,,,,,,,,,,,,,,,
20211121043649,9,relu,0.99,256,128,64,32.0,0.001,10000,1000,0.99,tanh,0.0,19,,,,,,,,,,,,,,,,,,,,,,,,,,,,,,,,,,,,,,,,,,,,,,,,,,,,,,,,,,,,,,,,,,,,,,,,,,,,,,,,,,,,,,,,,,,,,,,,,,,,,,,,,,,,,,,,,,,,,,,,,,,,,,,,,,,,,,,,,,,,,,,,,,,,,,,,,,,,,,,,,,,,,,,,,,,,,,,,,,,,,,,,,,,,,,,,,,,,,,,,,,,,,,
20211121045043,9,relu,0.99,256,128,64,32.0,0.001,10000,1000,0.99,tanh,0.0,19,,,,,,,,,,,,,,,,,,,,,,,,,,,,,,,,,,,,,,,,,,,,,,,,,,,,,,,,,,,,,,,,,,,,,,,,,,,,,,,,,,,,,,,,,,,,,,,,,,,,,,,,,,,,,,,,,,,,,,,,,,,,,,,,,,,,,,,,,,,,,,,,,,,,,,,,,,,,,,,,,,,,,,,,,,,,,,,,,,,,,,,,,,,,,,,,,,,,,,,,,,,,,,
20211121045337,10,relu,0.99,256,128,64,32.0,0.001,10000,1000,0.99,tanh,0.0,19,,,,,,,,,,,,,,,,,,,,,,,,,,,,,,,,,,,,,,,,,,,,,,,,,,,,,,,,,,,,,,,,,,,,,,,,,,,,,,,,,,,,,,,,,,,,,,,,,,,,,,,,,,,,,,,,,,,,,,,,,,,,,,,,,,,,,,,,,,,,,,,,,,,,,,,,,,,,,,,,,,,,,,,,,,,,,,,,,,,,,,,,,,,,,,,,,,,,,,,,,,,,,,
20211121045400,10,relu,0.99,256,128,64,32.0,0.001,10000,1000,0.99,tanh,0.0,19,Simple,True,-24.200000000000003,-15.700000000000003,-9.900000000000002,-6.200000000000003,-2.3999999999999986,-3.099999999999998,-5.0,-2.5,-2.700000000000003,-7.600000000000001,-3.3000000000000007,-2.3000000000000007,-4.600000000000001,-3.8999999999999986,-3.3999999999999986,-3.1000000000000014,-2.400000000000002,-0.5,0.3999999999999986,-3.6999999999999993,-5.3050000000000015,,,,,,,,,,,,,,,,,,,,,,,,,,,,,,,,,,,,,,,,,,,,,,,,,,,,,,,,,,,,,,,,,,,,,,,,,,,,,,,,,,,,,,,,,,,,,,,,,,,,,,,,,,,,,,,,,,,,,,,,,,,,,,,,,,,,,,,,,,,,,,,,,,,,,,,,,,,,,,,,,,,,,,,,,,,,,,,,,,,,,,,
20211121052434,10,relu,0.99,256,128,64,32.0,0.001,10000,1000,0.99,tanh,0.0,19,,,,,,,,,,,,,,,,,,,,,,,,,,,,,,,,,,,,,,,,,,,,,,,,,,,,,,,,,,,,,,,,,,,,,,,,,,,,,,,,,,,,,,,,,,,,,,,,,,,,,,,,,,,,,,,,,,,,,,,,,,,,,,,,,,,,,,,,,,,,,,,,,,,,,,,,,,,,,,,,,,,,,,,,,,,,,,,,,,,,,,,,,,,,,,,,,,,,,,,,,,,,,,
20211121054655,10,relu,0.99,256,128,64,32.0,0.001,10000,1000,0.99,tanh,0.0,19,Simple,True,-23.900000000000002,-14.0,-8.2,-5.5,-1.9000000000000021,-3.099999999999998,-3.3000000000000007,-2.3000000000000007,-3.6000000000000014,-4.0,-1.8999999999999986,-2.6999999999999993,-2.8999999999999986,-4.100000000000001,-1.8000000000000007,-3.1999999999999993,-5.600000000000001,-2.8000000000000007,-3.8000000000000007,-2.8999999999999986,-5.075,,,,,,,,,,,,,,,,,,,,,,,,,,,,,,,,,,,,,,,,,,,,,,,,,,,,,,,,,,,,,,,,,,,,,,,,,,,,,,,,,,,,,,,,,,,,,,,,,,,,,,,,,,,,,,,,,,,,,,,,,,,,,,,,,,,,,,,,,,,,,,,,,,,,,,,,,,,,,,,,,,,,,,,,,,,,,,,,,,,,,,,
20211121061829,10,relu,0.99,256,128,64,32.0,0.001,10000,1000,0.99,tanh,0.0,19,,,,,,,,,,,,,,,,,,,,,,,,,,,,,,,,,,,,,,,,,,,,,,,,,,,,,,,,,,,,,,,,,,,,,,,,,,,,,,,,,,,,,,,,,,,,,,,,,,,,,,,,,,,,,,,,,,,,,,,,,,,,,,,,,,,,,,,,,,,,,,,,,,,,,,,,,,,,,,,,,,,,,,,,,,,,,,,,,,,,,,,,,,,,,,,,,,,,,,,,,,,,,,
20211121154650,10,relu,0.999,256,128,64,32.0,0.001,10000,1000,0.99,tanh,0.0,19,,,,,,,,,,,,,,,,,,,,,,,,,,,,,,,,,,,,,,,,,,,,,,,,,,,,,,,,,,,,,,,,,,,,,,,,,,,,,,,,,,,,,,,,,,,,,,,,,,,,,,,,,,,,,,,,,,,,,,,,,,,,,,,,,,,,,,,,,,,,,,,,,,,,,,,,,,,,,,,,,,,,,,,,,,,,,,,,,,,,,,,,,,,,,,,,,,,,,,,,,,,,,,
20211121154724,10,relu,0.999,256,128,64,32.0,0.001,10000,1000,0.99,tanh,0.0,19,,,,,,,,,,,,,,,,,,,,,,,,,,,,,,,,,,,,,,,,,,,,,,,,,,,,,,,,,,,,,,,,,,,,,,,,,,,,,,,,,,,,,,,,,,,,,,,,,,,,,,,,,,,,,,,,,,,,,,,,,,,,,,,,,,,,,,,,,,,,,,,,,,,,,,,,,,,,,,,,,,,,,,,,,,,,,,,,,,,,,,,,,,,,,,,,,,,,,,,,,,,,,,
20211121172118,10,relu,0.999,256,128,64,32.0,0.001,10000,1000,0.99,tanh,0.0,19,,,,,,,,,,,,,,,,,,,,,,,,,,,,,,,,,,,,,,,,,,,,,,,,,,,,,,,,,,,,,,,,,,,,,,,,,,,,,,,,,,,,,,,,,,,,,,,,,,,,,,,,,,,,,,,,,,,,,,,,,,,,,,,,,,,,,,,,,,,,,,,,,,,,,,,,,,,,,,,,,,,,,,,,,,,,,,,,,,,,,,,,,,,,,,,,,,,,,,,,,,,,,,
20211121201608,10,relu,0.99,256,128,64,32.0,0.001,10000,1000,0.99,tanh,0.0,19,,,,,,,,,,,,,,,,,,,,,,,,,,,,,,,,,,,,,,,,,,,,,,,,,,,,,,,,,,,,,,,,,,,,,,,,,,,,,,,,,,,,,,,,,,,,,,,,,,,,,,,,,,,,,,,,,,,,,,,,,,,,,,,,,,,,,,,,,,,,,,,,,,,,,,,,,,,,,,,,,,,,,,,,,,,,,,,,,,,,,,,,,,,,,,,,,,,,,,,,,,,,,,
20211121201823,10,relu,0.99,256,128,64,32.0,0.001,10000,1000,0.99,tanh,0.0,15,,,,,,,,,,,,,,,,,,,,,,,,,,,,,,,,,,,,,,,,,,,,,,,,,,,,,,,,,,,,,,,,,,,,,,,,,,,,,,,,,,,,,,,,,,,,,,,,,,,,,,,,,,,,,,,,,,,,,,,,,,,,,,,,,,,,,,,,,,,,,,,,,,,,,,,,,,,,,,,,,,,,,,,,,,,,,,,,,,,,,,,,,,,,,,,,,,,,,,,,,,,,,,
20211121201858,10,relu,0.99,256,128,64,32.0,0.001,10000,1000,0.99,tanh,0.0,15,,,,,,,,,,,,,,,,,,,,,,,,,,,,,,,,,,,,,,,,,,,,,,,,,,,,,,,,,,,,,,,,,,,,,,,,,,,,,,,,,,,,,,,,,,,,,,,,,,,,,,,,,,,,,,,,,,,,,,,,,,,,,,,,,,,,,,,,,,,,,,,,,,,,,,,,,,,,,,,,,,,,,,,,,,,,,,,,,,,,,,,,,,,,,,,,,,,,,,,,,,,,,,
20211121202047,10,relu,0.99,256,128,64,32.0,0.001,10000,1000,0.99,tanh,0.0,15,Simple,True,-33.5,-29.2,-18.7,-16.299999999999997,-18.599999999999998,-20.199999999999996,-15.2,-15.899999999999999,-21.599999999999998,-25.8,-10.0,-12.7,-21.5,-16.4,-20.900000000000002,-20.400000000000002,-16.700000000000003,-11.399999999999999,-12.399999999999999,-11.299999999999997,-18.434999999999995,,,,,,,,,,,,,,,,,,,,,,,,,,,,,,,,,,,,,,,,,,,,,,,,,,,,,,,,,,,,,,,,,,,,,,,,,,,,,,,,,,,,,,,,,,,,,,,,,,,,,,,,,,,,,,,,,,,,,,,,,,,,,,,,,,,,,,,,,,,,,,,,,,,,,,,,,,,,,,,,,,,,,,,,,,,,,,,,,,,,,,,
20211121212102,10,relu,0.99,256,128,64,32.0,0.001,10000,1000,0.99,tanh,0.0,15,,,,,,,,,,,,,,,,,,,,,,,,,,,,,,,,,,,,,,,,,,,,,,,,,,,,,,,,,,,,,,,,,,,,,,,,,,,,,,,,,,,,,,,,,,,,,,,,,,,,,,,,,,,,,,,,,,,,,,,,,,,,,,,,,,,,,,,,,,,,,,,,,,,,,,,,,,,,,,,,,,,,,,,,,,,,,,,,,,,,,,,,,,,,,,,,,,,,,,,,,,,,,,
20211121212129,10,relu,0.99,256,128,64,32.0,0.001,10000,1000,0.99,tanh,0.0,15,,,,,,,,,,,,,,,,,,,,,,,,,,,,,,,,,,,,,,,,,,,,,,,,,,,,,,,,,,,,,,,,,,,,,,,,,,,,,,,,,,,,,,,,,,,,,,,,,,,,,,,,,,,,,,,,,,,,,,,,,,,,,,,,,,,,,,,,,,,,,,,,,,,,,,,,,,,,,,,,,,,,,,,,,,,,,,,,,,,,,,,,,,,,,,,,,,,,,,,,,,,,,,
20211121214045,10,relu,0.99,256,128,64,32.0,0.001,10000,1000,0.99,tanh,0.0,15,,,,,,,,,,,,,,,,,,,,,,,,,,,,,,,,,,,,,,,,,,,,,,,,,,,,,,,,,,,,,,,,,,,,,,,,,,,,,,,,,,,,,,,,,,,,,,,,,,,,,,,,,,,,,,,,,,,,,,,,,,,,,,,,,,,,,,,,,,,,,,,,,,,,,,,,,,,,,,,,,,,,,,,,,,,,,,,,,,,,,,,,,,,,,,,,,,,,,,,,,,,,,,
20211121214115,10,relu,0.99,256,128,64,32.0,0.001,10000,1000,0.99,tanh,0.0,15,,,,,,,,,,,,,,,,,,,,,,,,,,,,,,,,,,,,,,,,,,,,,,,,,,,,,,,,,,,,,,,,,,,,,,,,,,,,,,,,,,,,,,,,,,,,,,,,,,,,,,,,,,,,,,,,,,,,,,,,,,,,,,,,,,,,,,,,,,,,,,,,,,,,,,,,,,,,,,,,,,,,,,,,,,,,,,,,,,,,,,,,,,,,,,,,,,,,,,,,,,,,,,
20211121215532,10,relu,0.99,256,128,64,32.0,0.001,10000,1000,0.99,tanh,0.0,15,,,,,,,,,,,,,,,,,,,,,,,,,,,,,,,,,,,,,,,,,,,,,,,,,,,,,,,,,,,,,,,,,,,,,,,,,,,,,,,,,,,,,,,,,,,,,,,,,,,,,,,,,,,,,,,,,,,,,,,,,,,,,,,,,,,,,,,,,,,,,,,,,,,,,,,,,,,,,,,,,,,,,,,,,,,,,,,,,,,,,,,,,,,,,,,,,,,,,,,,,,,,,,
20211121221042,7,relu,0.99,256,128,64,32.0,0.001,10000,1000,0.99,tanh,0.0,15,,,,,,,,,,,,,,,,,,,,,,,,,,,,,,,,,,,,,,,,,,,,,,,,,,,,,,,,,,,,,,,,,,,,,,,,,,,,,,,,,,,,,,,,,,,,,,,,,,,,,,,,,,,,,,,,,,,,,,,,,,,,,,,,,,,,,,,,,,,,,,,,,,,,,,,,,,,,,,,,,,,,,,,,,,,,,,,,,,,,,,,,,,,,,,,,,,,,,,,,,,,,,,
20211121221058,7,relu,0.99,256,128,64,32.0,0.001,10000,1000,0.99,tanh,0.0,15,,,,,,,,,,,,,,,,,,,,,,,,,,,,,,,,,,,,,,,,,,,,,,,,,,,,,,,,,,,,,,,,,,,,,,,,,,,,,,,,,,,,,,,,,,,,,,,,,,,,,,,,,,,,,,,,,,,,,,,,,,,,,,,,,,,,,,,,,,,,,,,,,,,,,,,,,,,,,,,,,,,,,,,,,,,,,,,,,,,,,,,,,,,,,,,,,,,,,,,,,,,,,,
20211121221516,7,relu,0.99,256,128,64,32.0,0.001,10000,1000,0.99,tanh,0.0,15,,,,,,,,,,,,,,,,,,,,,,,,,,,,,,,,,,,,,,,,,,,,,,,,,,,,,,,,,,,,,,,,,,,,,,,,,,,,,,,,,,,,,,,,,,,,,,,,,,,,,,,,,,,,,,,,,,,,,,,,,,,,,,,,,,,,,,,,,,,,,,,,,,,,,,,,,,,,,,,,,,,,,,,,,,,,,,,,,,,,,,,,,,,,,,,,,,,,,,,,,,,,,,
20211121222107,7,relu,0.99,256,128,64,32.0,0.001,10000,1000,0.99,tanh,0.0,15,,,,,,,,,,,,,,,,,,,,,,,,,,,,,,,,,,,,,,,,,,,,,,,,,,,,,,,,,,,,,,,,,,,,,,,,,,,,,,,,,,,,,,,,,,,,,,,,,,,,,,,,,,,,,,,,,,,,,,,,,,,,,,,,,,,,,,,,,,,,,,,,,,,,,,,,,,,,,,,,,,,,,,,,,,,,,,,,,,,,,,,,,,,,,,,,,,,,,,,,,,,,,,
20211121225250,7,relu,0.99,256,128,64,32.0,0.001,10000,1000,0.99,tanh,0.0,15,,,,,,,,,,,,,,,,,,,,,,,,,,,,,,,,,,,,,,,,,,,,,,,,,,,,,,,,,,,,,,,,,,,,,,,,,,,,,,,,,,,,,,,,,,,,,,,,,,,,,,,,,,,,,,,,,,,,,,,,,,,,,,,,,,,,,,,,,,,,,,,,,,,,,,,,,,,,,,,,,,,,,,,,,,,,,,,,,,,,,,,,,,,,,,,,,,,,,,,,,,,,,,
20211121225525,7,relu,0.99,256,128,64,32.0,0.001,10000,1000,0.99,tanh,0.0,15,Simple,True,-44.5,-39.7,-32.4,-24.9,-20.5,-15.100000000000001,-13.6,-10.5,-9.299999999999999,-11.000000000000002,-10.299999999999999,-9.100000000000001,-11.2,-9.399999999999999,-10.299999999999999,-10.999999999999998,-11.0,-11.899999999999999,-11.400000000000002,-10.400000000000002,-16.374999999999993,,,,,,,,,,,,,,,,,,,,,,,,,,,,,,,,,,,,,,,,,,,,,,,,,,,,,,,,,,,,,,,,,,,,,,,,,,,,,,,,,,,,,,,,,,,,,,,,,,,,,,,,,,,,,,,,,,,,,,,,,,,,,,,,,,,,,,,,,,,,,,,,,,,,,,,,,,,,,,,,,,,,,,,,,,,,,,,,,,,,,,,
20211121231702,7,relu,0.999,256,128,64,32.0,0.001,10000,1000,0.99,tanh,0.0,15,,,,,,,,,,,,,,,,,,,,,,,,,,,,,,,,,,,,,,,,,,,,,,,,,,,,,,,,,,,,,,,,,,,,,,,,,,,,,,,,,,,,,,,,,,,,,,,,,,,,,,,,,,,,,,,,,,,,,,,,,,,,,,,,,,,,,,,,,,,,,,,,,,,,,,,,,,,,,,,,,,,,,,,,,,,,,,,,,,,,,,,,,,,,,,,,,,,,,,,,,,,,,,
20211121232048,7,relu,0.99,256,128,64,32.0,0.001,10000,1000,0.99,tanh,0.0,15,,,,,,,,,,,,,,,,,,,,,,,,,,,,,,,,,,,,,,,,,,,,,,,,,,,,,,,,,,,,,,,,,,,,,,,,,,,,,,,,,,,,,,,,,,,,,,,,,,,,,,,,,,,,,,,,,,,,,,,,,,,,,,,,,,,,,,,,,,,,,,,,,,,,,,,,,,,,,,,,,,,,,,,,,,,,,,,,,,,,,,,,,,,,,,,,,,,,,,,,,,,,,,
20211121232459,7,relu,0.99,256,128,64,32.0,0.001,10000,1000,0.99,tanh,0.0,15,,,,,,,,,,,,,,,,,,,,,,,,,,,,,,,,,,,,,,,,,,,,,,,,,,,,,,,,,,,,,,,,,,,,,,,,,,,,,,,,,,,,,,,,,,,,,,,,,,,,,,,,,,,,,,,,,,,,,,,,,,,,,,,,,,,,,,,,,,,,,,,,,,,,,,,,,,,,,,,,,,,,,,,,,,,,,,,,,,,,,,,,,,,,,,,,,,,,,,,,,,,,,,
20211121234230,7,relu,0.99,256,128,64,32.0,0.001,10000,1000,0.99,tanh,0.0,15,Simple,True,-44.699999999999996,-40.5,-32.1,-27.200000000000003,-21.9,-14.299999999999999,-11.3,-11.900000000000002,-8.899999999999999,-10.799999999999999,-10.100000000000001,-10.099999999999998,-9.7,-9.600000000000001,-9.099999999999998,-10.5,-6.800000000000001,-8.7,-10.599999999999998,-10.2,-15.95,,,,,,,,,,,,,,,,,,,,,,,,,,,,,,,,,,,,,,,,,,,,,,,,,,,,,,,,,,,,,,,,,,,,,,,,,,,,,,,,,,,,,,,,,,,,,,,,,,,,,,,,,,,,,,,,,,,,,,,,,,,,,,,,,,,,,,,,,,,,,,,,,,,,,,,,,,,,,,,,,,,,,,,,,,,,,,,,,,,,,,,
20211122000305,7,relu,0.99,256,128,64,32.0,0.001,10000,1000,0.99,tanh,0.0,15,,,,,,,,,,,,,,,,,,,,,,,,,,,,,,,,,,,,,,,,,,,,,,,,,,,,,,,,,,,,,,,,,,,,,,,,,,,,,,,,,,,,,,,,,,,,,,,,,,,,,,,,,,,,,,,,,,,,,,,,,,,,,,,,,,,,,,,,,,,,,,,,,,,,,,,,,,,,,,,,,,,,,,,,,,,,,,,,,,,,,,,,,,,,,,,,,,,,,,,,,,,,,,
20211122002448,7,relu,0.99,256,128,64,32.0,0.001,10000,1000,0.99,tanh,0.0,15,,,,,,,,,,,,,,,,,,,,,,,,,,,,,,,,,,,,,,,,,,,,,,,,,,,,,,,,,,,,,,,,,,,,,,,,,,,,,,,,,,,,,,,,,,,,,,,,,,,,,,,,,,,,,,,,,,,,,,,,,,,,,,,,,,,,,,,,,,,,,,,,,,,,,,,,,,,,,,,,,,,,,,,,,,,,,,,,,,,,,,,,,,,,,,,,,,,,,,,,,,,,,,
20211122002509,7,relu,0.99,256,128,64,32.0,0.001,10000,1000,0.99,tanh,0.0,15,,,,,,,,,,,,,,,,,,,,,,,,,,,,,,,,,,,,,,,,,,,,,,,,,,,,,,,,,,,,,,,,,,,,,,,,,,,,,,,,,,,,,,,,,,,,,,,,,,,,,,,,,,,,,,,,,,,,,,,,,,,,,,,,,,,,,,,,,,,,,,,,,,,,,,,,,,,,,,,,,,,,,,,,,,,,,,,,,,,,,,,,,,,,,,,,,,,,,,,,,,,,,,
20211122014142,10,relu,0.999,256,128,64,32.0,0.001,10000,5000,0.99,tanh,0.0,19,,,,,,,,,,,,,,,,,,,,,,,,,,,,,,,,,,,,,,,,,,,,,,,,,,,,,,,,,,,,,,,,,,,,,,,,,,,,,,,,,,,,,,,,,,,,,,,,,,,,,,,,,,,,,,,,,,,,,,,,,,,,,,,,,,,,,,,,,,,,,,,,,,,,,,,,,,,,,,,,,,,,,,,,,,,,,,,,,,,,,,,,,,,,,,,,,,,,,,,,,,,,,,
20211122014207,10,relu,0.999,256,128,64,32.0,0.001,10000,5000,0.99,tanh,0.0,19,Simple,True,-38.3,-37.900000000000006,-36.099999999999994,-33.8,-31.5,-30.7,-27.599999999999998,-28.0,-26.799999999999997,-26.5,-25.799999999999997,-23.9,-19.099999999999998,-19.8,-16.699999999999996,-18.1,-19.700000000000003,-16.0,-15.3,-12.099999999999998,-25.185000000000002,,,,,,,,,,,,,,,,,,,,,,,,,,,,,,,,,,,,,,,,,,,,,,,,,,,,,,,,,,,,,,,,,,,,,,,,,,,,,,,,,,,,,,,,,,,,,,,,,,,,,,,,,,,,,,,,,,,,,,,,,,,,,,,,,,,,,,,,,,,,,,,,,,,,,,,,,,,,,,,,,,,,,,,,,,,,,,,,,,,,,,,
20211122042300,10,relu,0.999,256,128,64,32.0,0.001,10000,5000,0.99,tanh,0.0,19,,,,,,,,,,,,,,,,,,,,,,,,,,,,,,,,,,,,,,,,,,,,,,,,,,,,,,,,,,,,,,,,,,,,,,,,,,,,,,,,,,,,,,,,,,,,,,,,,,,,,,,,,,,,,,,,,,,,,,,,,,,,,,,,,,,,,,,,,,,,,,,,,,,,,,,,,,,,,,,,,,,,,,,,,,,,,,,,,,,,,,,,,,,,,,,,,,,,,,,,,,,,,,
20211122045308,10,relu,0.99,256,128,64,32.0,0.001,10000,5000,0.99,tanh,0.0,19,Simple,True,-27.6,-12.099999999999998,-6.100000000000001,-5.199999999999999,-4.099999999999998,-1.5999999999999979,-0.6999999999999993,-3.5,-2.299999999999997,-2.0,-2.8000000000000007,-2.0,-4.600000000000001,-2.8999999999999986,-5.900000000000002,-3.400000000000002,-4.0,-3.299999999999997,-5.199999999999999,-1.5999999999999979,-5.045,,,,,,,,,,,,,,,,,,,,,,,,,,,,,,,,,,,,,,,,,,,,,,,,,,,,,,,,,,,,,,,,,,,,,,,,,,,,,,,,,,,,,,,,,,,,,,,,,,,,,,,,,,,,,,,,,,,,,,,,,,,,,,,,,,,,,,,,,,,,,,,,,,,,,,,,,,,,,,,,,,,,,,,,,,,,,,,,,,,,,,,
20211122053031,10,relu,0.99,256,128,64,32.0,0.001,10000,5000,0.99,tanh,0.0,19,,,,,,,,,,,,,,,,,,,,,,,,,,,,,,,,,,,,,,,,,,,,,,,,,,,,,,,,,,,,,,,,,,,,,,,,,,,,,,,,,,,,,,,,,,,,,,,,,,,,,,,,,,,,,,,,,,,,,,,,,,,,,,,,,,,,,,,,,,,,,,,,,,,,,,,,,,,,,,,,,,,,,,,,,,,,,,,,,,,,,,,,,,,,,,,,,,,,,,,,,,,,,,
20211122060246,10,relu,0.99,256,128,64,32.0,0.001,10000,5000,0.99,tanh,0.0,19,Simple,True,-26.099999999999998,-15.799999999999997,-8.799999999999997,-4.800000000000001,-3.200000000000003,-1.8999999999999986,-4.199999999999999,-1.3999999999999986,-3.8000000000000007,-2.3999999999999986,-2.5,-2.400000000000002,-4.199999999999999,-2.400000000000002,-1.8000000000000007,-3.700000000000003,-3.3999999999999986,-3.0,-1.1999999999999993,-2.8999999999999986,-4.995,,,,,,,,,,,,,,,,,,,,,,,,,,,,,,,,,,,,,,,,,,,,,,,,,,,,,,,,,,,,,,,,,,,,,,,,,,,,,,,,,,,,,,,,,,,,,,,,,,,,,,,,,,,,,,,,,,,,,,,,,,,,,,,,,,,,,,,,,,,,,,,,,,,,,,,,,,,,,,,,,,,,,,,,,,,,,,,,,,,,,,,
best_bot,10,relu,0.0,256,128,64,32.0,0.001,10000,1000,0.99,tanh,0.0,51,random_with_attack,True,0.5,1.1999999999999993,2.0999999999999996,3.5999999999999996,2.0,4.1,6.300000000000001,0.5999999999999996,4.299999999999999,3.9999999999999982,2.5999999999999996,2.4000000000000004,1.5999999999999996,10.100000000000001,6.800000000000001,6.300000000000001,8.8,4.6,6.800000000000001,3.700000000000001,3.765,,,,4.700000000000001,7.800000000000001,7.199999999999999,6.5,1.5,-1.799999999999999,4.0,2.5,3.8000000000000007,5.0,5.799999999999999,4.800000000000001,0.8000000000000007,5.699999999999999,1.0,6.299999999999999,3.3999999999999986,4.699999999999999,4.600000000000001,6.899999999999999,4.4,4.800000000000001,4.700000000000001,1.5,4.399999999999999,0.6999999999999993,1.9000000000000004,1.299999999999999,1.0999999999999996,-3.0999999999999996,1.200000000000001,6.300000000000001,4.399999999999999,1.8000000000000007,5.600000000000001,3.4000000000000004,3.0999999999999996,7.199999999999999,3.299999999999999,0.3000000000000007,,,,,,,,,,,,,,,,,,,,,,,,,,,,,,,,,,,,,,,,,,,,,,,,,,,,,,,,,,,,,,,,,,,,,,,,,,,,,,,,,,,,,,,,,,,,,,,,,,,,,,,,,,,,,,,,,,,,,,,,,,,,,,,,,,,,,,,,,,,,
